--
-- PostgreSQL database dump
--

-- Dumped from database version 16.1 (Debian 16.1-1.pgdg120+1)
-- Dumped by pg_dump version 16.1 (Debian 16.1-1.pgdg120+1)

SET statement_timeout = 0;
SET lock_timeout = 0;
SET idle_in_transaction_session_timeout = 0;
SET client_encoding = 'UTF8';
SET standard_conforming_strings = on;
SELECT pg_catalog.set_config('search_path', '', false);
SET check_function_bodies = false;
SET xmloption = content;
SET client_min_messages = warning;
SET row_security = off;

ALTER TABLE ONLY public.results DROP CONSTRAINT results_fk_2;
ALTER TABLE ONLY public.results DROP CONSTRAINT results_fk_1;
ALTER TABLE ONLY public.results DROP CONSTRAINT results_fk;
ALTER TABLE ONLY public.provider_product DROP CONSTRAINT provider_product_fk_1;
ALTER TABLE ONLY public.provider_product DROP CONSTRAINT provider_product_fk;
ALTER TABLE ONLY public.results DROP CONSTRAINT results_pk;
ALTER TABLE ONLY public.provider_product DROP CONSTRAINT providers_products_pk;
ALTER TABLE ONLY public.providers DROP CONSTRAINT providers_pk;
ALTER TABLE ONLY public.product_type DROP CONSTRAINT product_type_pk;
ALTER TABLE ONLY public.products DROP CONSTRAINT product_pk;
ALTER TABLE public.results ALTER COLUMN id DROP DEFAULT;
ALTER TABLE public.providers ALTER COLUMN id DROP DEFAULT;
ALTER TABLE public.provider_product ALTER COLUMN id DROP DEFAULT;
ALTER TABLE public.products ALTER COLUMN id DROP DEFAULT;
ALTER TABLE public.product_type ALTER COLUMN id DROP DEFAULT;
DROP SEQUENCE public.results_id_seq;
DROP TABLE public.results;
DROP SEQUENCE public.providers_products_id_seq;
DROP SEQUENCE public.providers_id_seq;
DROP TABLE public.providers;
DROP TABLE public.provider_product;
DROP SEQUENCE public.product_type_id_seq;
DROP TABLE public.product_type;
DROP SEQUENCE public.product_id_seq;
DROP TABLE public.products;
SET default_tablespace = '';

SET default_table_access_method = heap;

--
-- Name: products; Type: TABLE; Schema: public; Owner: elder123
--

CREATE TABLE public.products (
    id integer NOT NULL,
    name character varying NOT NULL,
    enable boolean DEFAULT false NOT NULL
);


ALTER TABLE public.products OWNER TO elder123;

--
-- Name: product_id_seq; Type: SEQUENCE; Schema: public; Owner: elder123
--

CREATE SEQUENCE public.product_id_seq
    AS integer
    START WITH 1
    INCREMENT BY 1
    NO MINVALUE
    NO MAXVALUE
    CACHE 1;


ALTER SEQUENCE public.product_id_seq OWNER TO elder123;

--
-- Name: product_id_seq; Type: SEQUENCE OWNED BY; Schema: public; Owner: elder123
--

ALTER SEQUENCE public.product_id_seq OWNED BY public.products.id;


--
-- Name: product_type; Type: TABLE; Schema: public; Owner: elder123
--

CREATE TABLE public.product_type (
    id integer NOT NULL,
    name character varying NOT NULL
);


ALTER TABLE public.product_type OWNER TO elder123;

--
-- Name: product_type_id_seq; Type: SEQUENCE; Schema: public; Owner: elder123
--

CREATE SEQUENCE public.product_type_id_seq
    AS integer
    START WITH 1
    INCREMENT BY 1
    NO MINVALUE
    NO MAXVALUE
    CACHE 1;


ALTER SEQUENCE public.product_type_id_seq OWNER TO elder123;

--
-- Name: product_type_id_seq; Type: SEQUENCE OWNED BY; Schema: public; Owner: elder123
--

ALTER SEQUENCE public.product_type_id_seq OWNED BY public.product_type.id;


--
-- Name: provider_product; Type: TABLE; Schema: public; Owner: elder123
--

CREATE TABLE public.provider_product (
    id integer NOT NULL,
    provider_id integer NOT NULL,
    product_id integer NOT NULL,
    cron_expression character varying,
    slug character varying
);


ALTER TABLE public.provider_product OWNER TO elder123;

--
-- Name: providers; Type: TABLE; Schema: public; Owner: elder123
--

CREATE TABLE public.providers (
    id integer NOT NULL,
    url character varying NOT NULL,
    enable boolean DEFAULT false NOT NULL,
    name character varying
);


ALTER TABLE public.providers OWNER TO elder123;

--
-- Name: providers_id_seq; Type: SEQUENCE; Schema: public; Owner: elder123
--

CREATE SEQUENCE public.providers_id_seq
    AS integer
    START WITH 1
    INCREMENT BY 1
    NO MINVALUE
    NO MAXVALUE
    CACHE 1;


ALTER SEQUENCE public.providers_id_seq OWNER TO elder123;

--
-- Name: providers_id_seq; Type: SEQUENCE OWNED BY; Schema: public; Owner: elder123
--

ALTER SEQUENCE public.providers_id_seq OWNED BY public.providers.id;


--
-- Name: providers_products_id_seq; Type: SEQUENCE; Schema: public; Owner: elder123
--

CREATE SEQUENCE public.providers_products_id_seq
    AS integer
    START WITH 1
    INCREMENT BY 1
    NO MINVALUE
    NO MAXVALUE
    CACHE 1;


ALTER SEQUENCE public.providers_products_id_seq OWNER TO elder123;

--
-- Name: providers_products_id_seq; Type: SEQUENCE OWNED BY; Schema: public; Owner: elder123
--

ALTER SEQUENCE public.providers_products_id_seq OWNED BY public.provider_product.id;


--
-- Name: results; Type: TABLE; Schema: public; Owner: elder123
--

CREATE TABLE public.results (
    id integer NOT NULL,
    result character varying NOT NULL,
    date character varying NOT NULL,
    "time" character varying NOT NULL,
    product_id integer NOT NULL,
    provider_id integer NOT NULL,
    created_at timestamp with time zone DEFAULT now() NOT NULL,
    sorteo character varying,
    product_type_id integer
);


ALTER TABLE public.results OWNER TO elder123;

--
-- Name: COLUMN results.sorteo; Type: COMMENT; Schema: public; Owner: elder123
--

COMMENT ON COLUMN public.results.sorteo IS 'se almacena el nombre del sorteo en caso de que el poroducto tenga mas de un sorteo por hora, ejemplo tripla A y triple B a las 7:00';


--
-- Name: results_id_seq; Type: SEQUENCE; Schema: public; Owner: elder123
--

CREATE SEQUENCE public.results_id_seq
    AS integer
    START WITH 1
    INCREMENT BY 1
    NO MINVALUE
    NO MAXVALUE
    CACHE 1;


ALTER SEQUENCE public.results_id_seq OWNER TO elder123;

--
-- Name: results_id_seq; Type: SEQUENCE OWNED BY; Schema: public; Owner: elder123
--

ALTER SEQUENCE public.results_id_seq OWNED BY public.results.id;


--
-- Name: product_type id; Type: DEFAULT; Schema: public; Owner: elder123
--

ALTER TABLE ONLY public.product_type ALTER COLUMN id SET DEFAULT nextval('public.product_type_id_seq'::regclass);


--
-- Name: products id; Type: DEFAULT; Schema: public; Owner: elder123
--

ALTER TABLE ONLY public.products ALTER COLUMN id SET DEFAULT nextval('public.product_id_seq'::regclass);


--
-- Name: provider_product id; Type: DEFAULT; Schema: public; Owner: elder123
--

ALTER TABLE ONLY public.provider_product ALTER COLUMN id SET DEFAULT nextval('public.providers_products_id_seq'::regclass);


--
-- Name: providers id; Type: DEFAULT; Schema: public; Owner: elder123
--

ALTER TABLE ONLY public.providers ALTER COLUMN id SET DEFAULT nextval('public.providers_id_seq'::regclass);


--
-- Name: results id; Type: DEFAULT; Schema: public; Owner: elder123
--

ALTER TABLE ONLY public.results ALTER COLUMN id SET DEFAULT nextval('public.results_id_seq'::regclass);


--
-- Data for Name: product_type; Type: TABLE DATA; Schema: public; Owner: elder123
--

COPY public.product_type (id, name) FROM stdin;
1	ANIMALITOS
2	TRIPLES
3	TERMINALES
4	TRIPLETA
5	ANIMALES77
6	PEGA5
7	ZODIACAL
\.


--
-- Data for Name: products; Type: TABLE DATA; Schema: public; Owner: elder123
--

COPY public.products (id, name, enable) FROM stdin;
22	ASTRO ZAMORANO	t
25	PEGA5	f
24	ZODIACO DEL ZULIA	t
23	SIGNO CALIENTE 	t
7	RULETA ACTIVA	f
1	LA GRANJITA	t
2	TRIPLE ZAMORANO	t
3	TRIPLE CARACAS	t
4	TRIPLE CALIENTE	t
5	LOTTO REY	t
6	TRIPLE ZULIA	t
8	EL RUCO	t
9	LA RUCA	t
10	SELVA PLUS	t
11	GUACHARO ACTIVO	t
12	LA RICACHONA	t
15	TRIPLE BOMBA	t
14	ANIMALITOS LA RICACHONA	t
13	TERMINAL LA GRANJITA	t
16	CHANCE ANIMAL	t
18	ZODIACAL CARACAS 	t
19	TRIPLE TACHIRA	t
20	TACHIRA ZODIACAL	t
17	TRIPLE CHANCE	t
21	CHANCE ASTRAL	t
\.


--
-- Data for Name: provider_product; Type: TABLE DATA; Schema: public; Owner: elder123
--

COPY public.provider_product (id, provider_id, product_id, cron_expression, slug) FROM stdin;
1	1	2	5,10,20 12,16,19 * * *	TRIPLE ZAMORANO
4	5	6	10,15,20,50,55,59 12,16,19 * * *	\N
3	4	5	35,45,55 8,9,10,11,12,13,14,15,16,17,18,19 * * *	\N
5	6	4	5,10,15,20,25,35,40,45 12,16,19 * * *	\N
7	8	9	20,25,30 8,9,10,11,12,13,14,15,16,17,18,19 * * *	\N
8	9	3	5,10,15,35,40,45 13,16,19 * * *	\N
9	10	10	5,10,15 8,9,10,11,12,13,14,15,16,17,18,19 * * *	\N
10	11	11	5,10,15 8,9,10,11,12,13,14,15,16,17,18,19 * * *	\N
11	3	1	5,10,15 8,9,10,11,12,13,14,15,16,17,18,19 * * *	\N
12	12	12	5,10,15 8,9,10,11,12,13,14,15,16,17,18,19 * * *	\N
13	13	13	5,10,15,20 8,9,10,11,12,13,14,15,16,17,18,19 * * *	\N
14	14	14	10,15,20,10 8,9,10,11,12,13,14,15,16,17,18,19 * * *	\N
15	15	15	30,35,40,45 13,16,20 * * *	\N
6	7	8	5,10,15,30 8,9,10,11,12,13,14,15,16,17,18,19 * * *	\N
16	16	16	5,10,15,30 9,10,11,12,13,14,15,16,17,18,19 * * *	\N
17	17	17	5,10,15,35,40,45 13,16,19 * * *	\N
18	18	18	5,10,15,35,40,45 13,16,19 * * *	\N
19	19	19	20,25,30,35,40,50,55 13,16,22 * * *	\N
20	20	20	20,25,30,35,40,50,55 13,16,22 * * *	\N
21	21	21	5,10,15,35,40,45 13,16,19 * * *	\N
22	22	22	5,10,20 12,16,19 * * *	\N
23	23	23	5,10,15,20,25,35,40,45 12,16,19 * * *	\N
24	24	24	10,15,20,50,55,59 12,16,19 * * *	\N
\.


--
-- Data for Name: providers; Type: TABLE DATA; Schema: public; Owner: elder123
--

COPY public.providers (id, url, enable, name) FROM stdin;
2	https://loteriadehoy.com/loteria/triplezamorano/resultados	f	Triple Zamonaro Loteria de hoy
1	http://triplezamorano.com/action/index	t	Triple Zamonaro Oficial
4	https://lottorey.com.ve	f	Lotto Rey Oficial
5	http://www.resultadostriplezulia.com/action/index	f	Triple Zulia Oficial
6	http://www.triplecaliente.com/action/index	f	Triple Caliente Oficial
7	https://lottollano.com.ve/elruco.php	f	El Ruco Oficial
8	https://lottollano.com.ve/laruca.php	f	La Ruca Oficial
9	http://165.227.185.69:8000/api/resultados	f	Triple Caracas Oficial
10	https://guacharoactivo.com/#/resultados-selva-plus	f	SelvaPlus Oficial
11	https://guacharoactivo.com/#/resultados-guacharo	f	Guacharo Activo Oficial
3	https://webservice.premierpluss.com	f	La Granjita Oficial
12	https://webservice.premierpluss.com	f	La Ricachona Oficial
13	https://webservice.premierpluss.com	f	Terminal La Granjita Oficial
14	https://webservice.premierpluss.com	f	Animalitos La Ricachona Oficial
15	https://www.triplebomba.com/sistema/	f	TripleBomba Oficial
16	http://api.admfox.com.ve/Animalitos.svc/IAnimalitos/ListarResultados	f	Chance Animales Oficial
18	http://165.227.185.69:8000/api/resultados	f	Zodiacal Caracas Oficial
19	https://tripletachira.com/index.php	f	Triple Tachira Oficial
20	https://tripletachira.com/index.php	f	Tachira Zodiacal Oficial
17	http://www.tuchance.com.ve/resultadosChance	f	Triple Chance Oficial
21	http://www.tuchance.com.ve/resultadosChance	f	Chance Astral Oficial
22	http://triplezamorano.com/action/index	f	Astro Zamorano Oficial
23	http://www.triplecaliente.com/action/index	f	Signo Caliente Oficial
24	http://www.resultadostriplezulia.com/action/index	f	Zodiaco del Zulia
\.


--
-- Data for Name: results; Type: TABLE DATA; Schema: public; Owner: elder123
--

COPY public.results (id, result, date, "time", product_id, provider_id, created_at, sorteo, product_type_id) FROM stdin;
1425	21 Gallo		08:00 AM	10	10	2023-12-19 16:15:08.731236-04	\N	1
1426	20 Cochino		09:00 AM	10	10	2023-12-19 16:15:08.731236-04	\N	1
408	27 Perro		09:30 am	5	4	2023-12-12 19:55:10.077975-04	\N	1
531	329		04:00 PM	2	1	2023-12-14 16:20:11.991769-04	\N	2
532	269		12:00 PM	2	1	2023-12-14 16:20:11.991769-04	\N	2
702	862		07:00 PM	2	1	2023-12-15 19:20:14.037094-04	\N	2
703	173		04:00 PM	2	1	2023-12-15 19:20:14.037094-04	\N	2
704	324		12:00 PM	2	1	2023-12-15 19:20:14.037094-04	\N	2
161	25 Gallina		04:30 pm	5	4	2023-12-11 16:55:10.993314-04	\N	1
162	34 Venado		03:30 pm	5	4	2023-12-11 16:55:10.993314-04	\N	1
163	13 Mono		02:30 pm	5	4	2023-12-11 16:55:10.993314-04	\N	1
164	29 Elefante		01:30 pm	5	4	2023-12-11 16:55:10.993314-04	\N	1
165	16 Oso		12:30 pm	5	4	2023-12-11 16:55:10.993314-04	\N	1
166	10 Tigre		11:30 am	5	4	2023-12-11 16:55:10.993314-04	\N	1
167	36 Culebra		09:30 am	5	4	2023-12-11 16:55:10.993314-04	\N	1
168	35 Jirafa		08:30 am	5	4	2023-12-11 16:55:10.993314-04	\N	1
6	714		12:00 PM	2	1	2023-12-06 12:10:07.802-04	\N	2
144	207		12:00 PM	2	1	2023-12-11 16:20:19.306931-04	\N	2
705	827		07:10 PM	4	6	2023-12-15 19:20:15.174065-04	Triple A	2
706	594		07:10 PM	4	6	2023-12-15 19:20:15.174065-04	Triple B	2
707	701		04:30 PM	4	6	2023-12-15 19:20:15.174065-04	Triple A	2
708	961		04:30 PM	4	6	2023-12-15 19:20:15.174065-04	Triple B	2
709	503		01:00 PM	4	6	2023-12-15 19:20:15.174065-04	Triple A	2
710	710		01:00 PM	4	6	2023-12-15 19:20:15.174065-04	Triple B	2
458	522		04:00 PM	2	1	2023-12-13 16:20:06.936871-04	\N	2
459	184		12:00 PM	2	1	2023-12-13 16:20:06.936871-04	\N	2
464	26 Vaca		04:30 pm	5	4	2023-12-13 16:35:09.13266-04	\N	1
465	0 Delfín		03:30 pm	5	4	2023-12-13 16:35:09.13266-04	\N	1
466	18 Burro		02:30 pm	5	4	2023-12-13 16:35:09.13266-04	\N	1
467	19 Chivo		01:30 pm	5	4	2023-12-13 16:35:09.13266-04	\N	1
468	05 León		12:30 pm	5	4	2023-12-13 16:35:09.13266-04	\N	1
469	25 Gallina		11:30 am	5	4	2023-12-13 16:35:09.13266-04	\N	1
470	29 Elefante		10:30 am	5	4	2023-12-13 16:35:09.13266-04	\N	1
471	10 Tigre		09:30 am	5	4	2023-12-13 16:35:09.13266-04	\N	1
472	22 Camello		08:30 am	5	4	2023-12-13 16:35:09.13266-04	\N	1
398	23 Zebra		07:30 pm	5	4	2023-12-12 19:55:10.077975-04	\N	1
399	31 Lapa		06:30 pm	5	4	2023-12-12 19:55:10.077975-04	\N	1
400	04 Alacrán		05:30 pm	5	4	2023-12-12 19:55:10.077975-04	\N	1
401	15 Zorro		04:30 pm	5	4	2023-12-12 19:55:10.077975-04	\N	1
402	01 Carnero		03:30 pm	5	4	2023-12-12 19:55:10.077975-04	\N	1
1008	437		01:00 PM	4	6	2023-12-18 16:15:12.125068-04	Triple A	2
1009	702		01:00 PM	4	6	2023-12-18 16:15:12.125068-04	Triple B	2
817	942		07:00 PM	2	1	2023-12-17 19:20:35.378914-04	\N	2
403	11 Gato		02:30 pm	5	4	2023-12-12 19:55:10.077975-04	\N	1
404	24 Iguana		01:30 pm	5	4	2023-12-12 19:55:10.077975-04	\N	1
405	21 Gallo		12:30 pm	5	4	2023-12-12 19:55:10.077975-04	\N	1
406	35 Jirafa		11:30 am	5	4	2023-12-12 19:55:10.077975-04	\N	1
407	30 Caimán		10:30 am	5	4	2023-12-12 19:55:10.077975-04	\N	1
12	078		07:00 PM	2	1	2023-12-07 19:10:04.158572-04	\N	2
13	964		04:00 PM	2	1	2023-12-07 19:10:04.158572-04	\N	2
14	716		12:00 PM	2	1	2023-12-07 19:10:04.158572-04	\N	2
20	659		07:00 PM	2	1	2023-12-08 19:10:13.033191-04	\N	2
21	803		04:00 PM	2	1	2023-12-08 19:10:13.033191-04	\N	2
22	501		12:00 PM	2	1	2023-12-08 19:10:13.033191-04	\N	2
32	096		07:00 PM	2	1	2023-12-09 19:20:05.685159-04	\N	2
33	926		04:00 PM	2	1	2023-12-09 19:20:05.685159-04	\N	2
34	245		12:00 PM	2	1	2023-12-09 19:20:05.685159-04	\N	2
37	853		07:00 PM	2	1	2023-12-10 19:20:05.729573-04	\N	2
373	924		07:00 PM	2	1	2023-12-12 19:20:06.144739-04	\N	2
374	195		04:00 PM	2	1	2023-12-12 19:20:06.144739-04	\N	2
375	905		12:00 PM	2	1	2023-12-12 19:20:06.144739-04	\N	2
1010	140		12:45 PM	6	5	2023-12-18 16:15:13.021711-04	Triple A	2
1011	057		12:45 PM	6	5	2023-12-18 16:15:13.021711-04	Triple B	2
1012	06		11:00 AM	8	7	2023-12-18 16:15:36.073052-04	\N	3
1013	57		10:00 AM	8	7	2023-12-18 16:15:36.073052-04	\N	3
839	55		07:15 PM	9	8	2023-12-17 19:30:13.715276-04	\N	3
1014	69		12:00 PM	8	7	2023-12-18 16:15:36.073052-04	\N	3
1015	270		13:00:00	3	8	2023-12-18 19:04:08.665659-04	Triple A	2
1016	563		16:30:00	3	8	2023-12-18 19:04:08.665659-04	Triple A	2
573	03 Ciempies		04:30 pm	5	4	2023-12-14 16:55:16.551445-04	\N	1
574	31 Lapa		03:30 pm	5	4	2023-12-14 16:55:16.551445-04	\N	1
575	24 Iguana		02:30 pm	5	4	2023-12-14 16:55:16.551445-04	\N	1
576	10 Tigre		01:30 pm	5	4	2023-12-14 16:55:16.551445-04	\N	1
577	35 Jirafa		12:30 pm	5	4	2023-12-14 16:55:16.551445-04	\N	1
578	04 Alacrán		11:30 am	5	4	2023-12-14 16:55:16.551445-04	\N	1
579	09 Águila		10:30 am	5	4	2023-12-14 16:55:16.551445-04	\N	1
580	34 Venado		09:30 am	5	4	2023-12-14 16:55:16.551445-04	\N	1
581	08 Ratón		08:30 am	5	4	2023-12-14 16:55:16.551445-04	\N	1
855	728		07:10 PM	4	6	2023-12-17 19:45:11.995964-04	Triple A	2
856	303		07:10 PM	4	6	2023-12-17 19:45:11.995964-04	Triple B	2
477	684		12:45 PM	6	5	2023-12-13 16:36:52.232645-04	Triple A	2
478	729		12:45 PM	6	5	2023-12-13 16:36:52.232645-04	Triple B	2
569	958		04:45 PM	6	5	2023-12-14 16:55:15.912282-04	Triple A	2
570	708		04:45 PM	6	5	2023-12-14 16:55:15.912282-04	Triple B	2
571	735		12:45 PM	6	5	2023-12-14 16:55:15.912282-04	Triple A	2
572	093		12:45 PM	6	5	2023-12-14 16:55:15.912282-04	Triple B	2
475	156		01:00 PM	4	6	2023-12-13 16:36:43.508996-04	Triple A	2
476	710		01:00 PM	4	6	2023-12-13 16:36:43.508996-04	Triple B	2
552	926		04:30 PM	4	6	2023-12-14 16:45:15.425111-04	Triple A	2
553	606		04:30 PM	4	6	2023-12-14 16:45:15.425111-04	Triple B	2
554	356		01:00 PM	4	6	2023-12-14 16:45:15.425111-04	Triple A	2
555	204		01:00 PM	4	6	2023-12-14 16:45:15.425111-04	Triple B	2
696	900		07:05 PM	6	5	2023-12-15 19:15:12.815014-04	Triple A	2
697	176		07:05 PM	6	5	2023-12-15 19:15:12.815014-04	Triple B	2
698	893		04:45 PM	6	5	2023-12-15 19:15:12.815014-04	Triple A	2
699	508		04:45 PM	6	5	2023-12-15 19:15:12.815014-04	Triple B	2
700	149		12:45 PM	6	5	2023-12-15 19:15:12.815014-04	Triple A	2
701	006		12:45 PM	6	5	2023-12-15 19:15:12.815014-04	Triple B	2
783	130		01:00 PM	4	6	2023-12-16 12:37:26.039042-04	Triple A	2
784	119		01:00 PM	4	6	2023-12-16 12:37:26.039042-04	Triple B	2
785	014		12:45 PM	6	5	2023-12-16 12:37:26.271332-04	Triple A	2
786	929		12:45 PM	6	5	2023-12-16 12:37:26.271332-04	Triple B	2
787	25 Gallina		01:30 pm	5	4	2023-12-16 12:37:27.929342-04	\N	1
788	01 Carnero		12:30 pm	5	4	2023-12-16 12:37:27.929342-04	\N	1
789	23 Zebra		11:30 am	5	4	2023-12-16 12:37:27.929342-04	\N	1
790	32 Ardilla		10:30 am	5	4	2023-12-16 12:37:27.929342-04	\N	1
791	06 Rana		09:30 am	5	4	2023-12-16 12:37:27.929342-04	\N	1
792	12 Caballo		08:30 am	5	4	2023-12-16 12:37:27.929342-04	\N	1
1427	28 Zamuro		10:00 AM	10	10	2023-12-19 16:15:08.731236-04	\N	1
1428	10 Tigre		11:00 AM	10	10	2023-12-19 16:15:08.731236-04	\N	1
1429	13 Mono		12:00 PM	10	10	2023-12-19 16:15:08.731236-04	\N	1
659	21 Gallo		06:30 pm	5	4	2023-12-15 18:45:41.640731-04	\N	1
660	26 Vaca		05:30 pm	5	4	2023-12-15 18:45:41.640731-04	\N	1
661	33 Pescado		04:30 pm	5	4	2023-12-15 18:45:41.640731-04	\N	1
662	10 Tigre		03:30 pm	5	4	2023-12-15 18:45:41.640731-04	\N	1
663	29 Elefante		02:30 pm	5	4	2023-12-15 18:45:41.640731-04	\N	1
664	19 Chivo		01:30 pm	5	4	2023-12-15 18:45:41.640731-04	\N	1
665	24 Iguana		12:30 pm	5	4	2023-12-15 18:45:41.640731-04	\N	1
666	17 Pavo		11:30 am	5	4	2023-12-15 18:45:41.640731-04	\N	1
667	11 Gato		10:30 am	5	4	2023-12-15 18:45:41.640731-04	\N	1
668	18 Burro		09:30 am	5	4	2023-12-15 18:45:41.640731-04	\N	1
669	32 Ardilla		08:30 am	5	4	2023-12-15 18:45:41.640731-04	\N	1
1430	22 Camello		01:00 PM	10	10	2023-12-19 16:15:08.731236-04	\N	1
1431	15 Zorro		02:00 PM	10	10	2023-12-19 16:15:08.731236-04	\N	1
1432	6 Rana		03:00 PM	10	10	2023-12-19 16:15:08.731236-04	\N	1
799	16		09:00 AM	8	7	2023-12-16 12:37:35.957623-04	\N	3
800	58		10:00 AM	8	7	2023-12-16 12:37:35.957623-04	\N	3
801	66		11:00 AM	8	7	2023-12-16 12:37:35.957623-04	\N	3
802	19		12:00 PM	8	7	2023-12-16 12:37:35.957623-04	\N	3
803	88		01:00 PM	8	7	2023-12-16 12:37:35.957623-04	\N	3
804	03		02:00 PM	8	7	2023-12-16 12:37:35.957623-04	\N	3
811	68		09:15 AM	9	8	2023-12-16 14:30:12.987519-04	\N	3
812	05		10:15 AM	9	8	2023-12-16 14:30:12.987519-04	\N	3
813	25		11:15 AM	9	8	2023-12-16 14:30:12.987519-04	\N	3
814	30		12:15 PM	9	8	2023-12-16 14:30:12.987519-04	\N	3
815	18		01:15 PM	9	8	2023-12-16 14:30:12.987519-04	\N	3
816	39		02:15 PM	9	8	2023-12-16 14:30:12.987519-04	\N	3
1433	32 Ardilla		04:00 PM	10	10	2023-12-19 16:15:08.731236-04	\N	1
1457	086		01:00 PM	4	6	2023-12-19 16:20:10.957886-04	Triple A	2
1458	167		01:00 PM	4	6	2023-12-19 16:20:10.957886-04	Triple B	2
1459	906		12:45 PM	6	5	2023-12-19 16:20:11.213052-04	Triple A	2
1460	270		12:45 PM	6	5	2023-12-19 16:20:11.213052-04	Triple B	2
1463	48		09:15 AM	9	8	2023-12-19 16:20:11.719154-04	\N	3
1000	649		12:00 PM	2	1	2023-12-18 16:10:10.818277-04	\N	2
1464	95		10:15 AM	9	8	2023-12-19 16:20:11.719154-04	\N	3
1465	20		11:15 AM	9	8	2023-12-19 16:20:11.719154-04	\N	3
1466	71		12:15 PM	9	8	2023-12-19 16:20:11.719154-04	\N	3
1467	34		01:15 PM	9	8	2023-12-19 16:20:11.719154-04	\N	3
1468	78		02:15 PM	9	8	2023-12-19 16:20:11.719154-04	\N	3
1017	410		13:00:00	3	8	2023-12-18 19:04:08.665659-04	Triple B	2
1018	423		16:30:00	3	8	2023-12-18 19:04:08.665659-04	Triple B	2
1469	98		03:15 PM	9	8	2023-12-19 16:20:11.719154-04	\N	3
2053	762		07:00 PM	2	1	2023-12-21 19:20:12.76876-04	\N	2
2054	679		04:00 PM	2	1	2023-12-21 19:20:12.76876-04	\N	2
2055	751		12:00 PM	2	1	2023-12-21 19:20:12.76876-04	\N	2
2185	947		07:05 PM	6	5	2023-12-21 19:59:16.461713-04	Triple A	2
2186	800		07:05 PM	6	5	2023-12-21 19:59:16.461713-04	Triple B	2
2187	456		04:45 PM	6	5	2023-12-21 19:59:16.461713-04	Triple A	2
834	28		10:00 AM	8	7	2023-12-17 19:20:51.250426-04	\N	3
835	09		07:00 PM	8	7	2023-12-17 19:20:51.250426-04	\N	3
1771	10		09:15 AM	9	8	2023-12-20 19:30:06.488142-04	\N	3
1772	61		10:15 AM	9	8	2023-12-20 19:30:06.488142-04	\N	3
1773	22		11:15 AM	9	8	2023-12-20 19:30:06.488142-04	\N	3
1774	97		12:15 PM	9	8	2023-12-20 19:30:06.488142-04	\N	3
870	566		07:05 PM	6	5	2023-12-17 19:55:13.427809-04	Triple A	2
871	439		07:05 PM	6	5	2023-12-17 19:55:13.427809-04	Triple B	2
872	35 Jirafa		07:30 pm	5	4	2023-12-17 19:55:14.70696-04	\N	1
873	19 Chivo		06:30 pm	5	4	2023-12-17 19:55:14.70696-04	\N	1
874	11 Gato		05:30 pm	5	4	2023-12-17 19:55:14.70696-04	\N	1
875	21 Gallo		04:30 pm	5	4	2023-12-17 19:55:14.70696-04	\N	1
876	09 Águila		03:30 pm	5	4	2023-12-17 19:55:14.70696-04	\N	1
877	20 Cochino		02:30 pm	5	4	2023-12-17 19:55:14.70696-04	\N	1
878	27 Perro		01:30 pm	5	4	2023-12-17 19:55:14.70696-04	\N	1
879	13 Mono		12:30 pm	5	4	2023-12-17 19:55:14.70696-04	\N	1
880	01 Carnero		11:30 am	5	4	2023-12-17 19:55:14.70696-04	\N	1
881	06 Rana		10:30 am	5	4	2023-12-17 19:55:14.70696-04	\N	1
882	34 Venado		09:30 am	5	4	2023-12-17 19:55:14.70696-04	\N	1
971	29 Elefante		03:30 pm	5	4	2023-12-18 15:55:10.499971-04	\N	1
972	32 Ardilla		02:30 pm	5	4	2023-12-18 15:55:10.499971-04	\N	1
973	33 Pescado		01:30 pm	5	4	2023-12-18 15:55:10.499971-04	\N	1
974	25 Gallina		12:30 pm	5	4	2023-12-18 15:55:10.499971-04	\N	1
975	0 Delfín		11:30 am	5	4	2023-12-18 15:55:10.499971-04	\N	1
976	22 Camello		10:30 am	5	4	2023-12-18 15:55:10.499971-04	\N	1
977	28 Zamuro		09:30 am	5	4	2023-12-18 15:55:10.499971-04	\N	1
978	36 Culebra		08:30 am	5	4	2023-12-18 15:55:10.499971-04	\N	1
1434	68 Jaguar		08:00 AM	11	11	2023-12-19 16:15:08.822558-04	\N	5
1435	44 Chiguire		09:00 AM	11	11	2023-12-19 16:15:08.822558-04	\N	5
1436	58 Hormiga		10:00 AM	11	11	2023-12-19 16:15:08.822558-04	\N	5
1437	45 Garza		11:00 AM	11	11	2023-12-19 16:15:08.822558-04	\N	5
1438	60 Camaleon		12:00 PM	11	11	2023-12-19 16:15:08.822558-04	\N	5
1439	32Ardilla		01:00 PM	11	11	2023-12-19 16:15:08.822558-04	\N	5
1440	39 Lechuza		02:00 PM	11	11	2023-12-19 16:15:08.822558-04	\N	5
1864	516		07:05 PM	6	5	2023-12-20 19:55:10.574313-04	Triple A	2
1865	094		07:05 PM	6	5	2023-12-20 19:55:10.574313-04	Triple B	2
1866	382		04:45 PM	6	5	2023-12-20 19:55:10.574313-04	Triple A	2
1867	096		04:45 PM	6	5	2023-12-20 19:55:10.574313-04	Triple B	2
1775	44		01:15 PM	9	8	2023-12-20 19:30:06.488142-04	\N	3
1776	50		02:15 PM	9	8	2023-12-20 19:30:06.488142-04	\N	3
1777	76		03:15 PM	9	8	2023-12-20 19:30:06.488142-04	\N	3
1441	72 Gorila		03:00 PM	11	11	2023-12-19 16:15:08.822558-04	\N	5
1442	46 Puma		04:00 PM	11	11	2023-12-19 16:15:08.822558-04	\N	5
1461	116		04:00 PM	2	1	2023-12-19 16:20:11.429194-04	\N	2
1462	513		12:00 PM	2	1	2023-12-19 16:20:11.429194-04	\N	2
1778	81		04:15 PM	9	8	2023-12-20 19:30:06.488142-04	\N	3
1779	15		05:15 PM	9	8	2023-12-20 19:30:06.488142-04	\N	3
1780	00		06:15 PM	9	8	2023-12-20 19:30:06.488142-04	\N	3
1352	18 Burro		03:30 PM	5	4	2023-12-19 15:55:13.01483-04	\N	1
1353	30 Caimán		02:30 PM	5	4	2023-12-19 15:55:13.01483-04	\N	1
1354	20 Cochino		01:30 PM	5	4	2023-12-19 15:55:13.01483-04	\N	1
1355	05 León		12:30 PM	5	4	2023-12-19 15:55:13.01483-04	\N	1
1356	03 Ciempies		11:30 AM	5	4	2023-12-19 15:55:13.01483-04	\N	1
1357	31 Lapa		10:30 AM	5	4	2023-12-19 15:55:13.01483-04	\N	1
1358	06 Rana		09:30 AM	5	4	2023-12-19 15:55:13.01483-04	\N	1
1359	12 Caballo		08:30 AM	5	4	2023-12-19 15:55:13.01483-04	\N	1
1781	89		07:15 PM	9	8	2023-12-20 19:30:06.488142-04	\N	3
1868	254		12:45 PM	6	5	2023-12-20 19:55:10.574313-04	Triple A	2
1869	973		12:45 PM	6	5	2023-12-20 19:55:10.574313-04	Triple B	2
1870	23 Zebra		07:30 PM	5	4	2023-12-20 19:55:11.82449-04	\N	1
1871	06 Rana		06:30 PM	5	4	2023-12-20 19:55:11.82449-04	\N	1
1872	25 Gallina		05:30 PM	5	4	2023-12-20 19:55:11.82449-04	\N	1
1873	08 Ratón		04:30 PM	5	4	2023-12-20 19:55:11.82449-04	\N	1
1874	02 Toro		03:30 PM	5	4	2023-12-20 19:55:11.82449-04	\N	1
1875	35 Jirafa		02:30 PM	5	4	2023-12-20 19:55:11.82449-04	\N	1
1876	00 Ballena		01:30 PM	5	4	2023-12-20 19:55:11.82449-04	\N	1
1877	32 Ardilla		12:30 PM	5	4	2023-12-20 19:55:11.82449-04	\N	1
1878	19 Chivo		11:30 AM	5	4	2023-12-20 19:55:11.82449-04	\N	1
1879	34 Venado		10:30 AM	5	4	2023-12-20 19:55:11.82449-04	\N	1
1880	14 Paloma		09:30 AM	5	4	2023-12-20 19:55:11.82449-04	\N	1
2188	962		04:45 PM	6	5	2023-12-21 19:59:16.461713-04	Triple B	2
2189	815		12:45 PM	6	5	2023-12-21 19:59:16.461713-04	Triple A	2
2190	165		12:45 PM	6	5	2023-12-21 19:59:16.461713-04	Triple B	2
3645	8 RATON		09:10 AM	14	14	2023-12-27 17:10:01.308673-04	\N	1
3646	26 VACA		10:10 AM	14	14	2023-12-27 17:10:01.308673-04	\N	1
3647	11 GATO		11:10 AM	14	14	2023-12-27 17:10:01.308673-04	\N	1
3648	1 CARNERO		12:10 PM	14	14	2023-12-27 17:10:01.308673-04	\N	1
3649	32 ARDILLA		01:10 PM	14	14	2023-12-27 17:10:01.308673-04	\N	1
3650	00 BALLENA		02:10 PM	14	14	2023-12-27 17:10:01.308673-04	\N	1
3651	29 ELEFANTE		03:10 PM	14	14	2023-12-27 17:10:01.308673-04	\N	1
3652	15 ZORRO		04:10 PM	14	14	2023-12-27 17:10:01.308673-04	\N	1
3653	437		09:05 AM	12	12	2023-12-27 17:10:01.411266-04	\N	2
3654	995		10:05 AM	12	12	2023-12-27 17:10:01.411266-04	\N	2
3655	587		11:05 AM	12	12	2023-12-27 17:10:01.411266-04	\N	2
3656	474		12:05 PM	12	12	2023-12-27 17:10:01.411266-04	\N	2
1722	057		07:00 PM	2	1	2023-12-20 19:20:05.124364-04	\N	2
1723	205		04:00 PM	2	1	2023-12-20 19:20:05.124364-04	\N	2
1724	839		12:00 PM	2	1	2023-12-20 19:20:05.124364-04	\N	2
3657	592		01:05 PM	12	12	2023-12-27 17:10:01.411266-04	\N	2
3658	127		02:05 PM	12	12	2023-12-27 17:10:01.411266-04	\N	2
3659	641		03:05 PM	12	12	2023-12-27 17:10:01.411266-04	\N	2
3660	429		04:05 PM	12	12	2023-12-27 17:10:01.411266-04	\N	2
3661	054		05:05 PM	12	12	2023-12-27 17:10:01.411266-04	\N	2
7806	93		08:05 AM	13	13	2024-01-04 19:20:03.270696-04	\N	3
7805	0 DELFIN		09:10 AM	14	14	2024-01-04 19:20:03.27001-04	\N	1
2299	17		12:00 PM	8	7	2023-12-24 16:15:12.726347-04	\N	3
2300	49		01:00 PM	8	7	2023-12-24 16:15:12.726347-04	\N	3
7808	15 ZORRO		10:10 AM	14	14	2024-01-04 19:20:03.27001-04	\N	1
7807	33		09:05 AM	13	13	2024-01-04 19:20:03.270696-04	\N	3
6141	30 Caimán		01:00 PM	16	16	2024-01-03 13:30:02.99282-04	\N	1
6142	37 Delfin		12:00 PM	16	16	2024-01-03 13:30:02.99282-04	\N	1
2326	118		07:00 PM	2	1	2023-12-24 16:20:07.192892-04	\N	2
2327	568		07:05 PM	6	5	2023-12-24 16:20:07.634503-04	Triple A	2
2328	604		07:05 PM	6	5	2023-12-24 16:20:07.634503-04	Triple B	2
2329	64		09:15 AM	9	8	2023-12-24 16:20:07.756658-04	\N	3
2330	37		10:15 AM	9	8	2023-12-24 16:20:07.756658-04	\N	3
2331	80		11:15 AM	9	8	2023-12-24 16:20:07.756658-04	\N	3
2332	04		12:15 PM	9	8	2023-12-24 16:20:07.756658-04	\N	3
2333	92		01:15 PM	9	8	2023-12-24 16:20:07.756658-04	\N	3
2334	812		07:10 PM	4	6	2023-12-24 16:20:08.036302-04	Triple A	2
2335	957		07:10 PM	4	6	2023-12-24 16:20:08.036302-04	Triple B	2
2316	713		09:05 AM	13	12	2023-12-24 16:18:05.517457-04	\N	2
2318	541		10:05 AM	13	12	2023-12-24 16:18:05.517457-04	\N	2
2320	318		11:05 AM	13	12	2023-12-24 16:18:05.517457-04	\N	2
2323	535		12:05 PM	13	12	2023-12-24 16:18:05.517457-04	\N	2
2325	421		01:05 PM	13	12	2023-12-24 16:18:05.517457-04	\N	2
2004	69 Conejo		08:00 AM	11	11	2023-12-21 19:15:10.79465-04	\N	5
2005	35Jirafa		09:00 AM	11	11	2023-12-21 19:15:10.79465-04	\N	5
2006	1Carnero		10:00 AM	11	11	2023-12-21 19:15:10.79465-04	\N	5
2007	44 Chiguire		11:00 AM	11	11	2023-12-21 19:15:10.79465-04	\N	5
1443	178		01:00 PM	3	9	2023-12-19 16:15:08.835708-04	Triple A	2
1444	803		01:00 PM	3	9	2023-12-19 16:15:08.835708-04	Triple B	2
3662	44 Chiguire		08:00 AM	11	11	2023-12-27 17:10:01.428443-04	\N	5
3663	54 Grillo		09:00 AM	11	11	2023-12-27 17:10:01.428443-04	\N	5
1447	53		08:00 AM	8	7	2023-12-19 16:15:10.567687-04	\N	3
1448	18		09:00 AM	8	7	2023-12-19 16:15:10.567687-04	\N	3
1449	26		10:00 AM	8	7	2023-12-19 16:15:10.567687-04	\N	3
1450	60		11:00 AM	8	7	2023-12-19 16:15:10.567687-04	\N	3
1451	08		12:00 PM	8	7	2023-12-19 16:15:10.567687-04	\N	3
1452	22		01:00 PM	8	7	2023-12-19 16:15:10.567687-04	\N	3
1453	91		02:00 PM	8	7	2023-12-19 16:15:10.567687-04	\N	3
1454	75		03:00 PM	8	7	2023-12-19 16:15:10.567687-04	\N	3
3489	028		01:00 PM	3	9	2023-12-27 16:57:40.767962-04	Triple A	2
3664	39 Lechuza		10:00 AM	11	11	2023-12-27 17:10:01.428443-04	\N	5
3665	30 caiman		11:00 AM	11	11	2023-12-27 17:10:01.428443-04	\N	5
3666	40 Avispa		12:00 PM	11	11	2023-12-27 17:10:01.428443-04	\N	5
3667	49 Pereza		01:00 PM	11	11	2023-12-27 17:10:01.428443-04	\N	5
3668	25 Gallina		02:00 PM	11	11	2023-12-27 17:10:01.428443-04	\N	5
3669	31 Lapa		03:00 PM	11	11	2023-12-27 17:10:01.428443-04	\N	5
3670	36 Culebra		04:00 PM	11	11	2023-12-27 17:10:01.428443-04	\N	5
3671	70 Bisonte		05:00 PM	11	11	2023-12-27 17:10:01.428443-04	\N	5
2258	14 Paloma		01:30 PM	5	4	2023-12-24 16:14:40.14624-04	\N	1
2259	24 Iguana		12:30 PM	5	4	2023-12-24 16:14:40.14624-04	\N	1
2260	32 Ardilla		11:30 AM	5	4	2023-12-24 16:14:40.14624-04	\N	1
2261	23 Zebra		10:30 AM	5	4	2023-12-24 16:14:40.14624-04	\N	1
2262	22 Camello		09:30 AM	5	4	2023-12-24 16:14:40.14624-04	\N	1
2263	27 Perro		08:30 AM	5	4	2023-12-24 16:14:40.14624-04	\N	1
1675	32 Ardilla		08:00 AM	10	10	2023-12-20 19:15:01.726891-04	\N	1
1811	16Oso		08:00 AM	11	11	2023-12-20 19:36:38.304427-04	\N	5
1812	9Aguila		09:00 AM	11	11	2023-12-20 19:36:38.304427-04	\N	5
1813	31Lapa		10:00 AM	11	11	2023-12-20 19:36:38.304427-04	\N	5
1814	73 Hipopotamo		11:00 AM	11	11	2023-12-20 19:36:38.304427-04	\N	5
1815	5Leon		12:00 PM	11	11	2023-12-20 19:36:38.304427-04	\N	5
1816	70 Bisonte		01:00 PM	11	11	2023-12-20 19:36:38.304427-04	\N	5
1817	14Paloma		02:00 PM	11	11	2023-12-20 19:36:38.304427-04	\N	5
1818	64 Gavilan		03:00 PM	11	11	2023-12-20 19:36:38.304427-04	\N	5
1676	8 Raton		09:00 AM	10	10	2023-12-20 19:15:01.726891-04	\N	1
1677	10 Tigre		10:00 AM	10	10	2023-12-20 19:15:01.726891-04	\N	1
1678	20 Cochino		11:00 AM	10	10	2023-12-20 19:15:01.726891-04	\N	1
1679	00 Ballena		12:00 PM	10	10	2023-12-20 19:15:01.726891-04	\N	1
1680	3 Ciempie		01:00 PM	10	10	2023-12-20 19:15:01.726891-04	\N	1
1681	31 Lapa		02:00 PM	10	10	2023-12-20 19:15:01.726891-04	\N	1
1682	35 Jirafa		03:00 PM	10	10	2023-12-20 19:15:01.726891-04	\N	1
1683	27 Perro		04:00 PM	10	10	2023-12-20 19:15:01.726891-04	\N	1
1684	30 caiman		05:00 PM	10	10	2023-12-20 19:15:01.726891-04	\N	1
1685	6 Rana		06:00 PM	10	10	2023-12-20 19:15:01.726891-04	\N	1
1686	22 Camello		07:00 PM	10	10	2023-12-20 19:15:01.726891-04	\N	1
1819	43 Mariposa		04:00 PM	11	11	2023-12-20 19:36:38.304427-04	\N	5
1820	42 Tucan		05:00 PM	11	11	2023-12-20 19:36:38.304427-04	\N	5
1821	61 Panda		06:00 PM	11	11	2023-12-20 19:36:38.304427-04	\N	5
1822	55 Oso Hormiguero		07:00 PM	11	11	2023-12-20 19:36:38.304427-04	\N	5
1835	408		01:00 PM	3	9	2023-12-20 19:45:07.246283-04	Triple A	2
1836	170		04:30 PM	3	9	2023-12-20 19:45:07.246283-04	Triple A	2
1837	942		07:00 PM	3	9	2023-12-20 19:45:07.246283-04	Triple A	2
1838	756		04:30 PM	3	9	2023-12-20 19:45:07.246283-04	Triple B	2
1839	541		01:00 PM	3	9	2023-12-20 19:45:07.246283-04	Triple B	2
1840	745		07:00 PM	3	9	2023-12-20 19:45:07.246283-04	Triple B	2
1841	810		07:10 PM	4	6	2023-12-20 19:45:08.444242-04	Triple A	2
1842	953		07:10 PM	4	6	2023-12-20 19:45:08.444242-04	Triple B	2
1843	478		04:30 PM	4	6	2023-12-20 19:45:08.444242-04	Triple A	2
1844	958		04:30 PM	4	6	2023-12-20 19:45:08.444242-04	Triple B	2
1845	511		01:00 PM	4	6	2023-12-20 19:45:08.444242-04	Triple A	2
1846	914		01:00 PM	4	6	2023-12-20 19:45:08.444242-04	Triple B	2
2308	37 Tortuga		08:00 AM	11	11	2023-12-24 16:15:15.790143-04	\N	5
2309	70 Bisonte		09:00 AM	11	11	2023-12-24 16:15:15.790143-04	\N	5
2310	72 Gorila		10:00 AM	11	11	2023-12-24 16:15:15.790143-04	\N	5
2311	15Zorro		11:00 AM	11	11	2023-12-24 16:15:15.790143-04	\N	5
2312	6Rana		12:00 PM	11	11	2023-12-24 16:15:15.790143-04	\N	5
2313	8Raton		01:00 PM	11	11	2023-12-24 16:15:15.790143-04	\N	5
1705	37		08:00 AM	8	7	2023-12-20 19:15:05.031043-04	\N	3
1706	71		09:00 AM	8	7	2023-12-20 19:15:05.031043-04	\N	3
1707	41		10:00 AM	8	7	2023-12-20 19:15:05.031043-04	\N	3
1708	87		11:00 AM	8	7	2023-12-20 19:15:05.031043-04	\N	3
1709	33		12:00 PM	8	7	2023-12-20 19:15:05.031043-04	\N	3
1710	05		01:00 PM	8	7	2023-12-20 19:15:05.031043-04	\N	3
1711	96		02:00 PM	8	7	2023-12-20 19:15:05.031043-04	\N	3
1712	80		03:00 PM	8	7	2023-12-20 19:15:05.031043-04	\N	3
1713	20		04:00 PM	8	7	2023-12-20 19:15:05.031043-04	\N	3
1714	65		05:00 PM	8	7	2023-12-20 19:15:05.031043-04	\N	3
1715	77		06:00 PM	8	7	2023-12-20 19:15:05.031043-04	\N	3
2314	35Jirafa		02:00 PM	11	11	2023-12-24 16:15:15.790143-04	\N	5
2315	4-ALACRAN		08:00 AM	12	3	2023-12-24 16:18:05.517411-04	\N	1
2317	13-MONO		09:00 AM	12	3	2023-12-24 16:18:05.517411-04	\N	1
2174	16 Oso		07:30 PM	5	4	2023-12-21 19:55:17.706001-04	\N	1
2175	14 Paloma		06:30 PM	5	4	2023-12-21 19:55:17.706001-04	\N	1
2176	31 Lapa		05:30 PM	5	4	2023-12-21 19:55:17.706001-04	\N	1
2177	16 Oso		04:30 PM	5	4	2023-12-21 19:55:17.706001-04	\N	1
2178	34 Venado		03:30 PM	5	4	2023-12-21 19:55:17.706001-04	\N	1
2179	09 Águila		02:30 PM	5	4	2023-12-21 19:55:17.706001-04	\N	1
2180	29 Elefante		01:30 PM	5	4	2023-12-21 19:55:17.706001-04	\N	1
2181	24 Iguana		12:30 PM	5	4	2023-12-21 19:55:17.706001-04	\N	1
2182	35 Jirafa		11:30 AM	5	4	2023-12-21 19:55:17.706001-04	\N	1
2183	0 Delfín		10:30 AM	5	4	2023-12-21 19:55:17.706001-04	\N	1
2184	12 Caballo		09:30 AM	5	4	2023-12-21 19:55:17.706001-04	\N	1
2008	36Culebra		12:00 PM	11	11	2023-12-21 19:15:10.79465-04	\N	5
2009	12Caballo		01:00 PM	11	11	2023-12-21 19:15:10.79465-04	\N	5
2010	61 Panda		02:00 PM	11	11	2023-12-21 19:15:10.79465-04	\N	5
2011	63 Cangrejo		03:00 PM	11	11	2023-12-21 19:15:10.79465-04	\N	5
2012	49 Pereza		04:00 PM	11	11	2023-12-21 19:15:10.79465-04	\N	5
2013	30caiman		05:00 PM	11	11	2023-12-21 19:15:10.79465-04	\N	5
2014	18Burro		06:00 PM	11	11	2023-12-21 19:15:10.79465-04	\N	5
2015	37 Tortuga		07:00 PM	11	11	2023-12-21 19:15:10.79465-04	\N	5
2016	0 Delfin		08:00 AM	10	10	2023-12-21 19:15:10.810954-04	\N	1
2017	15 Zorro		09:00 AM	10	10	2023-12-21 19:15:10.810954-04	\N	1
2018	29 Elefante		10:00 AM	10	10	2023-12-21 19:15:10.810954-04	\N	1
2019	32 Ardilla		11:00 AM	10	10	2023-12-21 19:15:10.810954-04	\N	1
2020	19 Chivo		12:00 PM	10	10	2023-12-21 19:15:10.810954-04	\N	1
2021	11 Gato		01:00 PM	10	10	2023-12-21 19:15:10.810954-04	\N	1
2022	00 Ballena		02:00 PM	10	10	2023-12-21 19:15:10.810954-04	\N	1
2023	13 Mono		03:00 PM	10	10	2023-12-21 19:15:10.810954-04	\N	1
2024	23 Cebra		04:00 PM	10	10	2023-12-21 19:15:10.810954-04	\N	1
2025	20 Cochino		05:00 PM	10	10	2023-12-21 19:15:10.810954-04	\N	1
2026	6 Rana		06:00 PM	10	10	2023-12-21 19:15:10.810954-04	\N	1
2027	31 Lapa		07:00 PM	10	10	2023-12-21 19:15:10.810954-04	\N	1
6143	29 Elefante		11:00 AM	16	16	2024-01-03 13:30:02.99282-04	\N	1
6144	10 Tigre		10:00 AM	16	16	2024-01-03 13:30:02.99282-04	\N	1
6145	22 Camello		09:00 AM	16	16	2024-01-03 13:30:02.99282-04	\N	1
7809	70		10:05 AM	13	13	2024-01-04 19:20:03.270696-04	\N	3
7811	89		11:05 AM	13	13	2024-01-04 19:20:03.270696-04	\N	3
6182	153		01:00 PM	17	17	2024-01-03 13:45:09.263653-04	Triple A	2
2214	72 Gorila		08:00 AM	11	11	2023-12-22 10:18:38.037173-04	\N	5
2213	1 Carnero		08:00 AM	10	10	2023-12-22 10:18:38.037123-04	\N	1
2215	55 Oso Hormiguero		09:00 AM	11	11	2023-12-22 10:18:38.037173-04	\N	5
2216	3 Ciempie		09:00 AM	10	10	2023-12-22 10:18:38.037123-04	\N	1
2217	17Pavo		10:00 AM	11	11	2023-12-22 10:18:38.037173-04	\N	5
2218	35 Jirafa		10:00 AM	10	10	2023-12-22 10:18:38.037123-04	\N	1
6183	261		01:00 PM	17	17	2024-01-03 13:45:09.263653-04	Triple B	2
2220	63		08:00 AM	8	7	2023-12-22 10:18:40.365022-04	\N	3
2042	46		08:00 AM	8	7	2023-12-21 19:15:12.856291-04	\N	3
2043	36		09:00 AM	8	7	2023-12-21 19:15:12.856291-04	\N	3
2044	94		10:00 AM	8	7	2023-12-21 19:15:12.856291-04	\N	3
2045	01		11:00 AM	8	7	2023-12-21 19:15:12.856291-04	\N	3
2046	24		12:00 PM	8	7	2023-12-21 19:15:12.856291-04	\N	3
2047	30		01:00 PM	8	7	2023-12-21 19:15:12.856291-04	\N	3
2048	04		02:00 PM	8	7	2023-12-21 19:15:12.856291-04	\N	3
2049	51		03:00 PM	8	7	2023-12-21 19:15:12.856291-04	\N	3
2050	12		04:00 PM	8	7	2023-12-21 19:15:12.856291-04	\N	3
2051	90		05:00 PM	8	7	2023-12-21 19:15:12.856291-04	\N	3
2052	27		06:00 PM	8	7	2023-12-21 19:15:12.856291-04	\N	3
2094	11		09:15 AM	9	8	2023-12-21 19:30:13.868085-04	\N	3
2095	53		10:15 AM	9	8	2023-12-21 19:30:13.868085-04	\N	3
2096	32		11:15 AM	9	8	2023-12-21 19:30:13.868085-04	\N	3
2097	58		12:15 PM	9	8	2023-12-21 19:30:13.868085-04	\N	3
2098	86		01:15 PM	9	8	2023-12-21 19:30:13.868085-04	\N	3
2099	16		02:15 PM	9	8	2023-12-21 19:30:13.868085-04	\N	3
2100	92		03:15 PM	9	8	2023-12-21 19:30:13.868085-04	\N	3
2101	43		04:15 PM	9	8	2023-12-21 19:30:13.868085-04	\N	3
2102	88		05:15 PM	9	8	2023-12-21 19:30:13.868085-04	\N	3
2103	57		06:15 PM	9	8	2023-12-21 19:30:13.868085-04	\N	3
2139	897		01:00 PM	3	9	2023-12-21 19:45:14.325217-04	Triple A	2
2140	485		04:30 PM	3	9	2023-12-21 19:45:14.325217-04	Triple A	2
2141	409		07:00 PM	3	9	2023-12-21 19:45:14.325217-04	Triple A	2
2142	113		01:00 PM	3	9	2023-12-21 19:45:14.325217-04	Triple B	2
2143	895		04:30 PM	3	9	2023-12-21 19:45:14.325217-04	Triple B	2
2144	937		07:00 PM	3	9	2023-12-21 19:45:14.325217-04	Triple B	2
2145	507		07:10 PM	4	6	2023-12-21 19:45:14.994375-04	Triple A	2
2146	827		07:10 PM	4	6	2023-12-21 19:45:14.994375-04	Triple B	2
2147	581		04:30 PM	4	6	2023-12-21 19:45:14.994375-04	Triple A	2
2148	065		04:30 PM	4	6	2023-12-21 19:45:14.994375-04	Triple B	2
2149	534		01:00 PM	4	6	2023-12-21 19:45:14.994375-04	Triple A	2
2150	545		01:00 PM	4	6	2023-12-21 19:45:14.994375-04	Triple B	2
2221	50		09:00 AM	8	7	2023-12-22 10:18:40.365022-04	\N	3
2222	34		10:00 AM	8	7	2023-12-22 10:18:40.365022-04	\N	3
2223	15 Zorro		09:30 AM	5	4	2023-12-22 10:18:40.965356-04	\N	1
2224	30 Caimán		08:30 AM	5	4	2023-12-22 10:18:40.965356-04	\N	1
2225	28		09:15 AM	9	8	2023-12-22 10:20:04.477162-04	\N	3
6186	06 Rana		01:30 PM	5	4	2024-01-03 13:45:13.319477-04	\N	1
6187	08 Ratón		12:30 PM	5	4	2024-01-03 13:45:13.319477-04	\N	1
6188	01 Carnero		11:30 AM	5	4	2024-01-03 13:45:13.319477-04	\N	1
6189	13 Mono		10:30 AM	5	4	2024-01-03 13:45:13.319477-04	\N	1
6190	14 Paloma		09:30 AM	5	4	2024-01-03 13:45:13.319477-04	\N	1
6191	18 Burro		08:30 AM	5	4	2024-01-03 13:45:13.319477-04	\N	1
7813	05		12:05 PM	13	13	2024-01-04 19:20:03.270696-04	\N	3
7815	19		01:05 PM	13	13	2024-01-04 19:20:03.270696-04	\N	3
5522	16 Oso		08:00 AM	10	10	2024-01-02 19:15:06.672049-04	\N	1
5524	17 Pavo		09:00 AM	10	10	2024-01-02 19:15:06.672049-04	\N	1
2278	709		07:00 PM	3	9	2023-12-24 16:15:09.583158-04	Triple A	2
2279	641		07:00 PM	3	9	2023-12-24 16:15:09.583158-04	Triple B	2
2295	32		08:00 AM	8	7	2023-12-24 16:15:12.726347-04	\N	3
2296	76		09:00 AM	8	7	2023-12-24 16:15:12.726347-04	\N	3
2297	26		10:00 AM	8	7	2023-12-24 16:15:12.726347-04	\N	3
2298	55		11:00 AM	8	7	2023-12-24 16:15:12.726347-04	\N	3
2301	34 Venado		08:00 AM	10	10	2023-12-24 16:15:15.754131-04	\N	1
2302	2 Toro		09:00 AM	10	10	2023-12-24 16:15:15.754131-04	\N	1
2303	18 Burro		10:00 AM	10	10	2023-12-24 16:15:15.754131-04	\N	1
2304	30 caiman		11:00 AM	10	10	2023-12-24 16:15:15.754131-04	\N	1
2305	23 Cebra		12:00 PM	10	10	2023-12-24 16:15:15.754131-04	\N	1
2306	16 Oso		01:00 PM	10	10	2023-12-24 16:15:15.754131-04	\N	1
2307	7 Perico		02:00 PM	10	10	2023-12-24 16:15:15.754131-04	\N	1
3682	34 Venado		08:00 AM	10	10	2023-12-27 17:10:01.443878-04	\N	1
3683	9 Aguila		09:00 AM	10	10	2023-12-27 17:10:01.443878-04	\N	1
3684	25 Gallina		10:00 AM	10	10	2023-12-27 17:10:01.443878-04	\N	1
3499	598		04:30 PM	3	9	2023-12-27 16:57:40.767962-04	Triple A	2
3685	20 Cochino		11:00 AM	10	10	2023-12-27 17:10:01.443878-04	\N	1
3686	23 Cebra		12:00 PM	10	10	2023-12-27 17:10:01.443878-04	\N	1
3509	497		01:00 PM	3	9	2023-12-27 16:57:40.767962-04	Triple B	2
3687	6 Rana		01:00 PM	10	10	2023-12-27 17:10:01.443878-04	\N	1
3688	2 Toro		02:00 PM	10	10	2023-12-27 17:10:01.443878-04	\N	1
3517	457		04:30 PM	3	9	2023-12-27 16:57:40.767962-04	Triple B	2
3689	8 Raton		03:00 PM	10	10	2023-12-27 17:10:01.443878-04	\N	1
3534	456		04:00 PM	2	1	2023-12-27 16:57:43.546286-04	\N	2
3535	875		12:00 PM	2	1	2023-12-27 16:57:43.546286-04	\N	2
3690	0 Delfin		04:00 PM	10	10	2023-12-27 17:10:01.443878-04	\N	1
3691	57		08:00 AM	8	7	2023-12-27 17:10:03.613684-04	\N	3
3692	20		09:00 AM	8	7	2023-12-27 17:10:03.613684-04	\N	3
3693	71		10:00 AM	8	7	2023-12-27 17:10:03.613684-04	\N	3
3694	27		11:00 AM	8	7	2023-12-27 17:10:03.613684-04	\N	3
3695	14		12:00 PM	8	7	2023-12-27 17:10:03.613684-04	\N	3
3696	38		01:00 PM	8	7	2023-12-27 17:10:03.613684-04	\N	3
3697	82		02:00 PM	8	7	2023-12-27 17:10:03.613684-04	\N	3
3698	17		03:00 PM	8	7	2023-12-27 17:10:03.613684-04	\N	3
3699	47		04:00 PM	8	7	2023-12-27 17:10:03.613684-04	\N	3
5510	28 ZAMURO		08:00 AM	1	3	2024-01-02 19:15:06.467446-04	\N	1
5511	12 CABALLO		09:00 AM	1	3	2024-01-02 19:15:06.467446-04	\N	1
5512	32 ARDILLA		10:00 AM	1	3	2024-01-02 19:15:06.467446-04	\N	1
5513	29 ELEFANTE		11:00 AM	1	3	2024-01-02 19:15:06.467446-04	\N	1
5514	19 CHIVO		12:00 PM	1	3	2024-01-02 19:15:06.467446-04	\N	1
5515	30 CAIMAN		01:00 PM	1	3	2024-01-02 19:15:06.467446-04	\N	1
5516	16 OSO		02:00 PM	1	3	2024-01-02 19:15:06.467446-04	\N	1
5517	20 COCHINO		03:00 PM	1	3	2024-01-02 19:15:06.467446-04	\N	1
5518	11 GATO		04:00 PM	1	3	2024-01-02 19:15:06.467446-04	\N	1
5519	34 VENADO		05:00 PM	1	3	2024-01-02 19:15:06.467446-04	\N	1
5520	26 VACA		06:00 PM	1	3	2024-01-02 19:15:06.467446-04	\N	1
5521	26 VACA		07:00 PM	1	3	2024-01-02 19:15:06.467446-04	\N	1
3545	001		04:30 PM	4	6	2023-12-27 16:57:43.604517-04	Triple A	2
3546	537		04:30 PM	4	6	2023-12-27 16:57:43.604517-04	Triple B	2
3547	854		01:00 PM	4	6	2023-12-27 16:57:43.604517-04	Triple A	2
3548	215		01:00 PM	4	6	2023-12-27 16:57:43.604517-04	Triple B	2
3559	14 Paloma		04:30 PM	5	4	2023-12-27 16:57:43.791807-04	\N	1
3560	21 Gallo		03:30 PM	5	4	2023-12-27 16:57:43.791807-04	\N	1
6146	04		09:15 AM	9	8	2024-01-03 13:30:04.612418-04	\N	3
6147	25		10:15 AM	9	8	2024-01-03 13:30:04.612418-04	\N	3
6148	88		11:15 AM	9	8	2024-01-03 13:30:04.612418-04	\N	3
3561	16 Oso		02:30 PM	5	4	2023-12-27 16:57:43.791807-04	\N	1
3562	30 Caimán		01:30 PM	5	4	2023-12-27 16:57:43.791807-04	\N	1
3563	0 Delfín		12:30 PM	5	4	2023-12-27 16:57:43.791807-04	\N	1
3564	17 Pavo		11:30 AM	5	4	2023-12-27 16:57:43.791807-04	\N	1
3565	05 León		10:30 AM	5	4	2023-12-27 16:57:43.791807-04	\N	1
3566	12 Caballo		09:30 AM	5	4	2023-12-27 16:57:43.791807-04	\N	1
3567	29 Elefante		08:30 AM	5	4	2023-12-27 16:57:43.791807-04	\N	1
6149	07		12:15 PM	9	8	2024-01-03 13:30:04.612418-04	\N	3
6150	47		01:15 PM	9	8	2024-01-03 13:30:04.612418-04	\N	3
6151	25		08:00 AM	8	7	2024-01-03 13:30:04.892234-04	\N	3
6152	64		09:00 AM	8	7	2024-01-03 13:30:04.892234-04	\N	3
4288	20		08:05 AM	13	13	2023-12-29 17:24:42.014486-04	\N	3
4289	31		09:05 AM	13	13	2023-12-29 17:24:42.014486-04	\N	3
4290	96		10:05 AM	13	13	2023-12-29 17:24:42.014486-04	\N	3
4291	83		11:05 AM	13	13	2023-12-29 17:24:42.014486-04	\N	3
4292	59		12:05 PM	13	13	2023-12-29 17:24:42.014486-04	\N	3
4293	62		01:05 PM	13	13	2023-12-29 17:24:42.014486-04	\N	3
4294	15		02:05 PM	13	13	2023-12-29 17:24:42.014486-04	\N	3
4295	98		03:05 PM	13	13	2023-12-29 17:24:42.014486-04	\N	3
4296	97		04:05 PM	13	13	2023-12-29 17:24:42.014486-04	\N	3
4297	65		05:05 PM	13	13	2023-12-29 17:24:42.014486-04	\N	3
4327	981		01:00 PM	3	9	2023-12-29 17:24:42.336311-04	Triple A	2
4328	692		04:30 PM	3	9	2023-12-29 17:24:42.336311-04	Triple A	2
4329	074		01:00 PM	3	9	2023-12-29 17:24:42.336311-04	Triple B	2
4330	071		04:30 PM	3	9	2023-12-29 17:24:42.336311-04	Triple B	2
4341	30 Caimán		04:30 PM	5	4	2023-12-29 17:24:43.22354-04	\N	1
4342	02 Toro		03:30 PM	5	4	2023-12-29 17:24:43.22354-04	\N	1
4343	07 Perico		02:30 PM	5	4	2023-12-29 17:24:43.22354-04	\N	1
4344	19 Chivo		01:30 PM	5	4	2023-12-29 17:24:43.22354-04	\N	1
4345	35 Jirafa		12:30 PM	5	4	2023-12-29 17:24:43.22354-04	\N	1
4346	526		04:30 PM	4	6	2023-12-29 17:24:43.225103-04	Triple A	2
4347	29 Elefante		11:30 AM	5	4	2023-12-29 17:24:43.22354-04	\N	1
4348	20 Cochino		10:30 AM	5	4	2023-12-29 17:24:43.22354-04	\N	1
4349	10 Tigre		09:30 AM	5	4	2023-12-29 17:24:43.22354-04	\N	1
4350	15 Zorro		08:30 AM	5	4	2023-12-29 17:24:43.22354-04	\N	1
4351	202		04:30 PM	4	6	2023-12-29 17:24:43.225103-04	Triple B	2
4352	964		01:00 PM	4	6	2023-12-29 17:24:43.225103-04	Triple A	2
4353	303		01:00 PM	4	6	2023-12-29 17:24:43.225103-04	Triple B	2
4358	741		04:00 PM	2	1	2023-12-29 17:24:43.256985-04	\N	2
4362	368		12:00 PM	2	1	2023-12-29 17:24:43.256985-04	\N	2
4382	84		09:15 AM	9	8	2023-12-29 17:25:13.610102-04	\N	3
4383	30		10:15 AM	9	8	2023-12-29 17:25:13.610102-04	\N	3
4384	58		11:15 AM	9	8	2023-12-29 17:25:13.610102-04	\N	3
4385	27		12:15 PM	9	8	2023-12-29 17:25:13.610102-04	\N	3
4386	52		01:15 PM	9	8	2023-12-29 17:25:13.610102-04	\N	3
4387	44		02:15 PM	9	8	2023-12-29 17:25:13.610102-04	\N	3
4388	77		03:15 PM	9	8	2023-12-29 17:25:13.610102-04	\N	3
4389	21		04:15 PM	9	8	2023-12-29 17:25:13.610102-04	\N	3
3700	22 CAMELLO		08:00 AM	1	3	2023-12-27 17:10:46.193163-04	\N	1
3701	3 CIEMPIES		09:00 AM	1	3	2023-12-27 17:10:46.193163-04	\N	1
3702	31 LAPA		10:00 AM	1	3	2023-12-27 17:10:46.193163-04	\N	1
3703	21 GALLO		11:00 AM	1	3	2023-12-27 17:10:46.193163-04	\N	1
2319	5-LEON		10:00 AM	12	3	2023-12-24 16:18:05.517411-04	\N	1
2321	3-CIEMPIES		11:00 AM	12	3	2023-12-24 16:18:05.517411-04	\N	1
2322	26-VACA		12:00 PM	12	3	2023-12-24 16:18:05.517411-04	\N	1
2324	00-BALLENA		01:00 PM	12	3	2023-12-24 16:18:05.517411-04	\N	1
3704	11 GATO		12:00 PM	1	3	2023-12-27 17:10:46.193163-04	\N	1
3705	17 PAVO		01:00 PM	1	3	2023-12-27 17:10:46.193163-04	\N	1
3706	2 TORO		02:00 PM	1	3	2023-12-27 17:10:46.193163-04	\N	1
3707	17 PAVO		03:00 PM	1	3	2023-12-27 17:10:46.193163-04	\N	1
3708	25 GALLINA		04:00 PM	1	3	2023-12-27 17:10:46.193163-04	\N	1
3709	31 LAPA		05:00 PM	1	3	2023-12-27 17:10:46.193163-04	\N	1
5523	00 Ballena		08:00 AM	11	11	2024-01-02 19:15:06.673455-04	\N	5
5526	12 Caballo		09:00 AM	11	11	2024-01-02 19:15:06.673455-04	\N	5
4736	11 GATO		09:10 AM	14	14	2023-12-30 12:27:49.802192-04	\N	1
4737	23 CEBRA		10:10 AM	14	14	2023-12-30 12:27:49.802192-04	\N	1
4738	1 CARNERO		11:10 AM	14	14	2023-12-30 12:27:49.802192-04	\N	1
4739	22 CAMELLO		12:10 PM	14	14	2023-12-30 12:27:49.802192-04	\N	1
4740	30 CAIMAN		01:10 PM	14	14	2023-12-30 12:27:49.802192-04	\N	1
4741	7 PERICO		02:10 PM	14	14	2023-12-30 12:27:49.802192-04	\N	1
4742	12 CABALLO		03:10 PM	14	14	2023-12-30 12:27:49.802192-04	\N	1
4758	0 DELFIN		08:00 AM	1	3	2023-12-30 12:27:49.82658-04	\N	1
4759	19 CHIVO		09:00 AM	1	3	2023-12-30 12:27:49.82658-04	\N	1
3549	63		09:15 AM	9	8	2023-12-27 16:57:43.620907-04	\N	3
3550	19		10:15 AM	9	8	2023-12-27 16:57:43.620907-04	\N	3
3551	60		11:15 AM	9	8	2023-12-27 16:57:43.620907-04	\N	3
3552	79		12:15 PM	9	8	2023-12-27 16:57:43.620907-04	\N	3
3553	85		01:15 PM	9	8	2023-12-27 16:57:43.620907-04	\N	3
3554	03		02:15 PM	9	8	2023-12-27 16:57:43.620907-04	\N	3
3555	67		03:15 PM	9	8	2023-12-27 16:57:43.620907-04	\N	3
3556	89		04:15 PM	9	8	2023-12-27 16:57:43.620907-04	\N	3
2413	437		09:05 AM	13	13	2023-12-27 12:15:08.408333-04	\N	2
2414	995		10:05 AM	13	13	2023-12-27 12:15:08.408333-04	\N	2
2415	587		11:05 AM	13	13	2023-12-27 12:15:08.408333-04	\N	2
2416	474		12:05 PM	13	13	2023-12-27 12:15:08.408333-04	\N	2
4760	33 PESCADO		10:00 AM	1	3	2023-12-30 12:27:49.82658-04	\N	1
4761	15 ZORRO		11:00 AM	1	3	2023-12-30 12:27:49.82658-04	\N	1
3577	169		04:45 PM	6	5	2023-12-27 17:01:19.209139-04	Triple A	2
3578	491		04:45 PM	6	5	2023-12-27 17:01:19.209139-04	Triple B	2
3579	745		12:45 PM	6	5	2023-12-27 17:01:19.209139-04	Triple A	2
3580	167		12:45 PM	6	5	2023-12-27 17:01:19.209139-04	Triple B	2
4762	23 CEBRA		12:00 PM	1	3	2023-12-30 12:27:49.82658-04	\N	1
4763	27 PERRO		01:00 PM	1	3	2023-12-30 12:27:49.82658-04	\N	1
4764	4 ALACRAN		02:00 PM	1	3	2023-12-30 12:27:49.82658-04	\N	1
4765	35 JIRAFA		03:00 PM	1	3	2023-12-30 12:27:49.82658-04	\N	1
4780	44		11:00 AM	8	7	2023-12-30 12:27:54.528464-04	\N	3
4781	36		12:00 PM	8	7	2023-12-30 12:27:54.528464-04	\N	3
4782	84		01:00 PM	8	7	2023-12-30 12:27:54.528464-04	\N	3
4783	07		02:00 PM	8	7	2023-12-30 12:27:54.528464-04	\N	3
4785	643		12:45 PM	6	5	2023-12-30 12:27:55.146571-04	Triple A	2
4786	850		12:45 PM	6	5	2023-12-30 12:27:55.146571-04	Triple B	2
4299	15 Zorro		08:00 AM	10	10	2023-12-29 17:24:42.2851-04	\N	1
4298	921		09:05 AM	12	12	2023-12-29 17:24:42.285094-04	\N	2
4301	868		10:05 AM	12	12	2023-12-29 17:24:42.285094-04	\N	2
4302	265		11:05 AM	12	12	2023-12-29 17:24:42.285094-04	\N	2
4303	36 Culebra		09:00 AM	10	10	2023-12-29 17:24:42.2851-04	\N	1
4304	198		12:05 PM	12	12	2023-12-29 17:24:42.285094-04	\N	2
4305	241		01:05 PM	12	12	2023-12-29 17:24:42.285094-04	\N	2
4306	7 Perico		10:00 AM	10	10	2023-12-29 17:24:42.2851-04	\N	1
4307	368		02:05 PM	12	12	2023-12-29 17:24:42.285094-04	\N	2
4308	166		03:05 PM	12	12	2023-12-29 17:24:42.285094-04	\N	2
4309	25 Gallina		11:00 AM	10	10	2023-12-29 17:24:42.2851-04	\N	1
4310	420		04:05 PM	12	12	2023-12-29 17:24:42.285094-04	\N	2
4311	762		05:05 PM	12	12	2023-12-29 17:24:42.285094-04	\N	2
4312	5 Leon		12:00 PM	10	10	2023-12-29 17:24:42.2851-04	\N	1
4313	00 Ballena		01:00 PM	10	10	2023-12-29 17:24:42.2851-04	\N	1
4314	31 Lapa		02:00 PM	10	10	2023-12-29 17:24:42.2851-04	\N	1
4315	26 Vaca		03:00 PM	10	10	2023-12-29 17:24:42.2851-04	\N	1
4316	17 Pavo		04:00 PM	10	10	2023-12-29 17:24:42.2851-04	\N	1
4317	11 Gato		05:00 PM	10	10	2023-12-29 17:24:42.2851-04	\N	1
4331	60 Camaleon		08:00 AM	11	11	2023-12-29 17:24:42.341146-04	\N	5
4332	59 Pantera		09:00 AM	11	11	2023-12-29 17:24:42.341146-04	\N	5
4333	54 Grillo		10:00 AM	11	11	2023-12-29 17:24:42.341146-04	\N	5
4334	71 Guacamaya		11:00 AM	11	11	2023-12-29 17:24:42.341146-04	\N	5
4335	4 Alacran		12:00 PM	11	11	2023-12-29 17:24:42.341146-04	\N	5
4336	51 Pelicano		01:00 PM	11	11	2023-12-29 17:24:42.341146-04	\N	5
4337	63 Cangrejo		02:00 PM	11	11	2023-12-29 17:24:42.341146-04	\N	5
4338	16 Oso		03:00 PM	11	11	2023-12-29 17:24:42.341146-04	\N	5
4339	0 Delfin		04:00 PM	11	11	2023-12-29 17:24:42.341146-04	\N	5
4340	15 Zorro		05:00 PM	11	11	2023-12-29 17:24:42.341146-04	\N	5
4354	461		01:30 PM	15	15	2023-12-29 17:24:43.246839-04	Triple A	2
4355	980		01:30 PM	15	15	2023-12-29 17:24:43.246839-04	Triple B	2
4356	214		04:30 PM	15	15	2023-12-29 17:24:43.246839-04	Triple A	2
4357	869		04:30 PM	15	15	2023-12-29 17:24:43.246839-04	Triple B	2
4359	51		08:00 AM	8	7	2023-12-29 17:24:43.257039-04	\N	3
4360	411		04:45 PM	6	5	2023-12-29 17:24:43.257089-04	Triple A	2
4361	436		04:45 PM	6	5	2023-12-29 17:24:43.257089-04	Triple B	2
4363	63		09:00 AM	8	7	2023-12-29 17:24:43.257039-04	\N	3
4364	966		12:45 PM	6	5	2023-12-29 17:24:43.257089-04	Triple A	2
4365	56		10:00 AM	8	7	2023-12-29 17:24:43.257039-04	\N	3
4366	147		12:45 PM	6	5	2023-12-29 17:24:43.257089-04	Triple B	2
5525	23 Cebra		10:00 AM	10	10	2024-01-02 19:15:06.672049-04	\N	1
5528	1 Carnero		11:00 AM	10	10	2024-01-02 19:15:06.672049-04	\N	1
5530	35 Jirafa		12:00 PM	10	10	2024-01-02 19:15:06.672049-04	\N	1
5532	7 Perico		01:00 PM	10	10	2024-01-02 19:15:06.672049-04	\N	1
5534	11 Gato		02:00 PM	10	10	2024-01-02 19:15:06.672049-04	\N	1
5536	30 caiman		03:00 PM	10	10	2024-01-02 19:15:06.672049-04	\N	1
5538	3 Ciempie		04:00 PM	10	10	2024-01-02 19:15:06.672049-04	\N	1
5540	27 Perro		05:00 PM	10	10	2024-01-02 19:15:06.672049-04	\N	1
5544	10 Tigre		06:00 PM	10	10	2024-01-02 19:15:06.672049-04	\N	1
4270	20		08:05 AM	14	14	2023-12-29 17:20:12.658678-04	\N	3
4271	31		09:05 AM	14	14	2023-12-29 17:20:12.658678-04	\N	3
4272	96		10:05 AM	14	14	2023-12-29 17:20:12.658678-04	\N	3
4273	83		11:05 AM	14	14	2023-12-29 17:20:12.658678-04	\N	3
4274	59		12:05 PM	14	14	2023-12-29 17:20:12.658678-04	\N	3
4275	62		01:05 PM	14	14	2023-12-29 17:20:12.658678-04	\N	3
4276	15		02:05 PM	14	14	2023-12-29 17:20:12.658678-04	\N	3
4277	98		03:05 PM	14	14	2023-12-29 17:20:12.658678-04	\N	3
4278	97		04:05 PM	14	14	2023-12-29 17:20:12.658678-04	\N	3
4279	65		05:05 PM	14	14	2023-12-29 17:20:12.658678-04	\N	3
5545	30 caiman		07:00 PM	10	10	2024-01-02 19:15:06.672049-04	\N	1
5596	30 CAIMAN		09:10 AM	14	14	2024-01-02 19:20:08.315179-04	\N	1
4300	17 PAVO		08:00 AM	1	3	2023-12-29 17:24:42.285164-04	\N	1
4318	00 BALLENA		09:00 AM	1	3	2023-12-29 17:24:42.285164-04	\N	1
4319	12 CABALLO		10:00 AM	1	3	2023-12-29 17:24:42.285164-04	\N	1
4320	30 CAIMAN		11:00 AM	1	3	2023-12-29 17:24:42.285164-04	\N	1
4321	8 RATON		12:00 PM	1	3	2023-12-29 17:24:42.285164-04	\N	1
4322	27 PERRO		01:00 PM	1	3	2023-12-29 17:24:42.285164-04	\N	1
4323	4 ALACRAN		02:00 PM	1	3	2023-12-29 17:24:42.285164-04	\N	1
4324	33 PESCADO		03:00 PM	1	3	2023-12-29 17:24:42.285164-04	\N	1
4325	13 MONO		04:00 PM	1	3	2023-12-29 17:24:42.285164-04	\N	1
4326	24 IGUANA		05:00 PM	1	3	2023-12-29 17:24:42.285164-04	\N	1
4367	92		11:00 AM	8	7	2023-12-29 17:24:43.257039-04	\N	3
4368	08		12:00 PM	8	7	2023-12-29 17:24:43.257039-04	\N	3
4369	75		01:00 PM	8	7	2023-12-29 17:24:43.257039-04	\N	3
4370	54		02:00 PM	8	7	2023-12-29 17:24:43.257039-04	\N	3
4371	85		03:00 PM	8	7	2023-12-29 17:24:43.257039-04	\N	3
4372	42		04:00 PM	8	7	2023-12-29 17:24:43.257039-04	\N	3
4373	16		05:00 PM	8	7	2023-12-29 17:24:43.257039-04	\N	3
4712	505		12:00 PM	2	1	2023-12-30 12:20:03.622781-04	\N	2
4720	6 Rana		08:00 AM	10	10	2023-12-30 12:27:49.499275-04	\N	1
4721	3 Ciempie		09:00 AM	10	10	2023-12-30 12:27:49.499275-04	\N	1
4722	31 Lapa		10:00 AM	10	10	2023-12-30 12:27:49.499275-04	\N	1
4723	33 Pescado		11:00 AM	10	10	2023-12-30 12:27:49.499275-04	\N	1
4724	18 Burro		12:00 PM	10	10	2023-12-30 12:27:49.499275-04	\N	1
4725	1 Carnero		01:00 PM	10	10	2023-12-30 12:27:49.499275-04	\N	1
4726	13 Mono		02:00 PM	10	10	2023-12-30 12:27:49.499275-04	\N	1
4727	2 Toro		03:00 PM	10	10	2023-12-30 12:27:49.499275-04	\N	1
4728	43 Mariposa		08:00 AM	11	11	2023-12-30 12:27:49.76214-04	\N	5
4729	34 Venado		09:00 AM	11	11	2023-12-30 12:27:49.76214-04	\N	5
4730	49 Pereza		10:00 AM	11	11	2023-12-30 12:27:49.76214-04	\N	5
4731	50 Canario		11:00 AM	11	11	2023-12-30 12:27:49.76214-04	\N	5
4732	44 Chiguire		12:00 PM	11	11	2023-12-30 12:27:49.76214-04	\N	5
4733	29 Elefante		01:00 PM	11	11	2023-12-30 12:27:49.76214-04	\N	5
4734	70 Bisonte		02:00 PM	11	11	2023-12-30 12:27:49.76214-04	\N	5
4735	45 Garza		03:00 PM	11	11	2023-12-30 12:27:49.76214-04	\N	5
4743	177		09:05 AM	12	12	2023-12-30 12:27:49.81641-04	\N	2
4744	551		10:05 AM	12	12	2023-12-30 12:27:49.81641-04	\N	2
4745	463		11:05 AM	12	12	2023-12-30 12:27:49.81641-04	\N	2
4746	851		12:05 PM	12	12	2023-12-30 12:27:49.81641-04	\N	2
4747	588		01:05 PM	12	12	2023-12-30 12:27:49.81641-04	\N	2
4748	484		02:05 PM	12	12	2023-12-30 12:27:49.81641-04	\N	2
4749	061		03:05 PM	12	12	2023-12-30 12:27:49.81641-04	\N	2
4750	21		08:05 AM	13	13	2023-12-30 12:27:49.818881-04	\N	3
4751	72		09:05 AM	13	13	2023-12-30 12:27:49.818881-04	\N	3
4752	16		10:05 AM	13	13	2023-12-30 12:27:49.818881-04	\N	3
4753	66		11:05 AM	13	13	2023-12-30 12:27:49.818881-04	\N	3
4754	04		12:05 PM	13	13	2023-12-30 12:27:49.818881-04	\N	3
4755	75		01:05 PM	13	13	2023-12-30 12:27:49.818881-04	\N	3
4756	37		02:05 PM	13	13	2023-12-30 12:27:49.818881-04	\N	3
4757	17		03:05 PM	13	13	2023-12-30 12:27:49.818881-04	\N	3
4766	584		01:00 PM	3	9	2023-12-30 12:27:50.168919-04	Triple A	2
4767	400		01:00 PM	3	9	2023-12-30 12:27:50.168919-04	Triple B	2
4768	027		01:00 PM	4	6	2023-12-30 12:27:53.462738-04	Triple A	2
4769	125		01:00 PM	4	6	2023-12-30 12:27:53.462738-04	Triple B	2
4770	93		09:15 AM	9	8	2023-12-30 12:27:54.510056-04	\N	3
4771	26		10:15 AM	9	8	2023-12-30 12:27:54.510056-04	\N	3
4772	83		11:15 AM	9	8	2023-12-30 12:27:54.510056-04	\N	3
4773	20		12:15 PM	9	8	2023-12-30 12:27:54.510056-04	\N	3
4774	78		01:15 PM	9	8	2023-12-30 12:27:54.510056-04	\N	3
4775	97		02:15 PM	9	8	2023-12-30 12:27:54.510056-04	\N	3
4776	49		03:15 PM	9	8	2023-12-30 12:27:54.510056-04	\N	3
4777	72		08:00 AM	8	7	2023-12-30 12:27:54.528464-04	\N	3
4778	32		09:00 AM	8	7	2023-12-30 12:27:54.528464-04	\N	3
4779	97		10:00 AM	8	7	2023-12-30 12:27:54.528464-04	\N	3
4787	951		01:30 PM	15	15	2023-12-30 12:27:55.317914-04	Triple A	2
4788	254		01:30 PM	15	15	2023-12-30 12:27:55.317914-04	Triple B	2
4789	05 León		03:30 PM	5	4	2023-12-30 12:27:56.062728-04	\N	1
4790	13 Mono		02:30 PM	5	4	2023-12-30 12:27:56.062728-04	\N	1
4791	25 Gallina		01:30 PM	5	4	2023-12-30 12:27:56.062728-04	\N	1
4792	17 Pavo		12:30 PM	5	4	2023-12-30 12:27:56.062728-04	\N	1
4793	06 Rana		11:30 AM	5	4	2023-12-30 12:27:56.062728-04	\N	1
4794	23 Zebra		10:30 AM	5	4	2023-12-30 12:27:56.062728-04	\N	1
4795	28 Zamuro		09:30 AM	5	4	2023-12-30 12:27:56.062728-04	\N	1
4796	08 Ratón		08:30 AM	5	4	2023-12-30 12:27:56.062728-04	\N	1
4784	59		03:00 PM	8	7	2023-12-30 12:27:54.528464-04	\N	3
5527	25 Gallina		10:00 AM	11	11	2024-01-02 19:15:06.673455-04	\N	5
5529	40 Avispa		11:00 AM	11	11	2024-01-02 19:15:06.673455-04	\N	5
5531	14 Paloma		12:00 PM	11	11	2024-01-02 19:15:06.673455-04	\N	5
4800	29 ELEFANTE		09:10 AM	14	14	2023-12-31 10:47:03.033632-04	\N	1
4801	17 PAVO		10:10 AM	14	14	2023-12-31 10:47:03.033632-04	\N	1
5533	32 Ardilla		01:00 PM	11	11	2024-01-02 19:15:06.673455-04	\N	5
5535	48 Puercoespin		02:00 PM	11	11	2024-01-02 19:15:06.673455-04	\N	5
5537	34 Venado		03:00 PM	11	11	2024-01-02 19:15:06.673455-04	\N	5
4805	36		09:15 AM	9	8	2023-12-31 10:47:05.049694-04	\N	3
4806	50		10:15 AM	9	8	2023-12-31 10:47:05.049694-04	\N	3
4807	951		01:30 PM	15	15	2023-12-31 10:47:08.156382-04	Triple A	2
4808	254		01:30 PM	15	15	2023-12-31 10:47:08.156382-04	Triple B	2
4809	640		04:30 PM	15	15	2023-12-31 10:47:08.156382-04	Triple A	2
4810	566		04:30 PM	15	15	2023-12-31 10:47:08.156382-04	Triple B	2
4811	782		08:30 PM	15	15	2023-12-31 10:47:08.156382-04	Triple A	2
4812	475		08:30 PM	15	15	2023-12-31 10:47:08.156382-04	Triple B	2
5539	46 Puma		04:00 PM	11	11	2024-01-02 19:15:06.673455-04	\N	5
5541	55 Oso Hormiguero		05:00 PM	11	11	2024-01-02 19:15:06.673455-04	\N	5
5542	39 Lechuza		06:00 PM	11	11	2024-01-02 19:15:06.673455-04	\N	5
5543	72 Gorila		07:00 PM	11	11	2024-01-02 19:15:06.673455-04	\N	5
6153	93		10:00 AM	8	7	2024-01-03 13:30:04.892234-04	\N	3
6154	21		11:00 AM	8	7	2024-01-03 13:30:04.892234-04	\N	3
6155	13		12:00 PM	8	7	2024-01-03 13:30:04.892234-04	\N	3
6156	33		01:00 PM	8	7	2024-01-03 13:30:04.892234-04	\N	3
7810	32 ARDILLA		11:10 AM	14	14	2024-01-04 19:20:03.27001-04	\N	1
7812	17 PAVO		12:10 PM	14	14	2024-01-04 19:20:03.27001-04	\N	1
7814	26 VACA		01:10 PM	14	14	2024-01-04 19:20:03.27001-04	\N	1
7816	12 CABALLO		02:10 PM	14	14	2024-01-04 19:20:03.27001-04	\N	1
7820	32 ARDILLA		03:10 PM	14	14	2024-01-04 19:20:03.27001-04	\N	1
7823	15 ZORRO		04:10 PM	14	14	2024-01-04 19:20:03.27001-04	\N	1
4827	26 Vaca		10:30 AM	5	4	2023-12-31 10:55:12.348975-04	\N	1
4828	12 Caballo		09:30 AM	5	4	2023-12-31 10:55:12.348975-04	\N	1
4829	34 Venado		08:30 AM	5	4	2023-12-31 10:55:12.348975-04	\N	1
4830	19 Chivo		08:00 AM	10	10	2023-12-31 11:05:05.727005-04	\N	1
4831	14 Paloma		09:00 AM	10	10	2023-12-31 11:05:05.727005-04	\N	1
4832	12 Caballo		10:00 AM	10	10	2023-12-31 11:05:05.727005-04	\N	1
4833	31 Lapa		11:00 AM	10	10	2023-12-31 11:05:05.727005-04	\N	1
4834	46 Puma		08:00 AM	11	11	2023-12-31 11:05:05.74363-04	\N	5
4835	17 Pavo		09:00 AM	11	11	2023-12-31 11:05:05.74363-04	\N	5
4836	2 Toro		10:00 AM	11	11	2023-12-31 11:05:05.74363-04	\N	5
4837	41 Canguro		11:00 AM	11	11	2023-12-31 11:05:05.74363-04	\N	5
4838	5 LEON		08:00 AM	1	3	2023-12-31 11:05:05.758635-04	\N	1
4839	27 PERRO		09:00 AM	1	3	2023-12-31 11:05:05.758635-04	\N	1
4840	22 CAMELLO		10:00 AM	1	3	2023-12-31 11:05:05.758635-04	\N	1
4841	361		09:05 AM	12	12	2023-12-31 11:05:05.838993-04	\N	2
4842	660		10:05 AM	12	12	2023-12-31 11:05:05.838993-04	\N	2
4843	19		08:05 AM	13	13	2023-12-31 11:05:06.024837-04	\N	3
4844	63		09:05 AM	13	13	2023-12-31 11:05:06.024837-04	\N	3
4845	35		10:05 AM	13	13	2023-12-31 11:05:06.024837-04	\N	3
4846	03		08:00 AM	8	7	2023-12-31 11:05:07.223916-04	\N	3
4847	12		09:00 AM	8	7	2023-12-31 11:05:07.223916-04	\N	3
4848	82		10:00 AM	8	7	2023-12-31 11:05:07.223916-04	\N	3
7825	20 COCHINO		05:10 PM	14	14	2024-01-04 19:20:03.27001-04	\N	1
7826	18 BURRO		06:10 PM	14	14	2024-01-04 19:20:03.27001-04	\N	1
7827	1 CARNERO		07:10 PM	14	14	2024-01-04 19:20:03.27001-04	\N	1
5597	23 CEBRA		10:10 AM	14	14	2024-01-02 19:20:08.315179-04	\N	1
5598	9 AGUILA		11:10 AM	14	14	2024-01-02 19:20:08.315179-04	\N	1
5599	18 BURRO		12:10 PM	14	14	2024-01-02 19:20:08.315179-04	\N	1
5600	00 BALLENA		01:10 PM	14	14	2024-01-02 19:20:08.315179-04	\N	1
5601	2 TORO		02:10 PM	14	14	2024-01-02 19:20:08.315179-04	\N	1
5602	0 DELFIN		03:10 PM	14	14	2024-01-02 19:20:08.315179-04	\N	1
5603	9 AGUILA		04:10 PM	14	14	2024-01-02 19:20:08.315179-04	\N	1
5604	2 TORO		05:10 PM	14	14	2024-01-02 19:20:08.315179-04	\N	1
5605	14 PALOMA		06:10 PM	14	14	2024-01-02 19:20:08.315179-04	\N	1
5606	2 TORO		07:10 PM	14	14	2024-01-02 19:20:08.315179-04	\N	1
5607	34		08:05 AM	13	13	2024-01-02 19:20:08.619945-04	\N	3
5608	68		09:05 AM	13	13	2024-01-02 19:20:08.619945-04	\N	3
5609	99		10:05 AM	13	13	2024-01-02 19:20:08.619945-04	\N	3
5610	85		11:05 AM	13	13	2024-01-02 19:20:08.619945-04	\N	3
5611	06		12:05 PM	13	13	2024-01-02 19:20:08.619945-04	\N	3
5612	43		01:05 PM	13	13	2024-01-02 19:20:08.619945-04	\N	3
5613	52		02:05 PM	13	13	2024-01-02 19:20:08.619945-04	\N	3
5614	11		03:05 PM	13	13	2024-01-02 19:20:08.619945-04	\N	3
5615	07		04:05 PM	13	13	2024-01-02 19:20:08.619945-04	\N	3
5616	74		05:05 PM	13	13	2024-01-02 19:20:08.619945-04	\N	3
5617	32		06:05 PM	13	13	2024-01-02 19:20:08.619945-04	\N	3
5618	95		07:05 PM	13	13	2024-01-02 19:20:08.619945-04	\N	3
5619	945		07:00 PM	2	1	2024-01-02 19:20:10.112005-04	\N	2
5620	213		04:00 PM	2	1	2024-01-02 19:20:10.112005-04	\N	2
5621	903		12:00 PM	2	1	2024-01-02 19:20:10.112005-04	\N	2
4886	29 Elefante		10:00 AM	16	16	2024-01-02 10:32:31.739908-04	\N	1
4887	30 Caimán		09:00 AM	16	16	2024-01-02 10:32:31.739908-04	\N	1
7867	407		01:00 PM	3	9	2024-01-04 19:51:12.036721-04	Triple A	2
7868	281		04:30 PM	3	9	2024-01-04 19:51:12.036721-04	Triple A	2
7869	317		07:00 PM	3	9	2024-01-04 19:51:12.036721-04	Triple A	2
7870	534		01:00 PM	3	9	2024-01-04 19:51:12.036721-04	Triple B	2
7871	237		04:30 PM	3	9	2024-01-04 19:51:12.036721-04	Triple B	2
7872	562		07:00 PM	3	9	2024-01-04 19:51:12.036721-04	Triple B	2
7887	560		07:10 PM	4	6	2024-01-04 19:51:13.625859-04	Triple A	2
7888	324		07:10 PM	4	6	2024-01-04 19:51:13.625859-04	Triple B	2
7889	111		04:30 PM	4	6	2024-01-04 19:51:13.625859-04	Triple A	2
7890	374		04:30 PM	4	6	2024-01-04 19:51:13.625859-04	Triple B	2
7891	842		01:00 PM	4	6	2024-01-04 19:51:13.625859-04	Triple A	2
7892	004		01:00 PM	4	6	2024-01-04 19:51:13.625859-04	Triple B	2
7817	56		02:05 PM	13	13	2024-01-04 19:20:03.270696-04	\N	3
7818	48		03:05 PM	13	13	2024-01-04 19:20:03.270696-04	\N	3
7819	97		04:05 PM	13	13	2024-01-04 19:20:03.270696-04	\N	3
7821	36		05:05 PM	13	13	2024-01-04 19:20:03.270696-04	\N	3
7822	79		06:05 PM	13	13	2024-01-04 19:20:03.270696-04	\N	3
7824	98		07:05 PM	13	13	2024-01-04 19:20:03.270696-04	\N	3
7828	572		07:00 PM	2	1	2024-01-04 19:20:05.073389-04	\N	2
7829	916		04:00 PM	2	1	2024-01-04 19:20:05.073389-04	\N	2
7830	518		12:00 PM	2	1	2024-01-04 19:20:05.073389-04	\N	2
11002	00 Ballena		08:00 AM	10	10	2024-01-09 19:15:02.428716-04	\N	1
11003	34 Venado		09:00 AM	10	10	2024-01-09 19:15:02.428716-04	\N	1
11004	35 Jirafa		10:00 AM	10	10	2024-01-09 19:15:02.428716-04	\N	1
5316	31 Lapa		06:30 PM	5	4	2024-01-02 18:55:04.511345-04	\N	1
5317	11 Gato		05:30 PM	5	4	2024-01-02 18:55:04.511345-04	\N	1
5318	25 Gallina		04:30 PM	5	4	2024-01-02 18:55:04.511345-04	\N	1
5319	01 Carnero		03:30 PM	5	4	2024-01-02 18:55:04.511345-04	\N	1
5320	13 Mono		02:30 PM	5	4	2024-01-02 18:55:04.511345-04	\N	1
5321	34 Venado		01:30 PM	5	4	2024-01-02 18:55:04.511345-04	\N	1
5322	21 Gallo		12:30 PM	5	4	2024-01-02 18:55:04.511345-04	\N	1
5323	00 Ballena		11:30 AM	5	4	2024-01-02 18:55:04.511345-04	\N	1
5324	29 Elefante		10:30 AM	5	4	2024-01-02 18:55:04.511345-04	\N	1
5325	09 Águila		09:30 AM	5	4	2024-01-02 18:55:04.511345-04	\N	1
5326	07 Perico		08:30 AM	5	4	2024-01-02 18:55:04.511345-04	\N	1
7873	174		01:00 PM	18	18	2024-01-04 19:51:12.045191-04	\N	7
7874	692		04:30 PM	18	18	2024-01-04 19:51:12.045191-04	\N	7
7876	475		07:00 PM	18	18	2024-01-04 19:51:12.045191-04	\N	7
7899	57		08:00 AM	8	7	2024-01-04 19:51:15.34405-04	\N	3
7900	20		09:00 AM	8	7	2024-01-04 19:51:15.34405-04	\N	3
7901	81		10:00 AM	8	7	2024-01-04 19:51:15.34405-04	\N	3
7902	68		11:00 AM	8	7	2024-01-04 19:51:15.34405-04	\N	3
7903	94		12:00 PM	8	7	2024-01-04 19:51:15.34405-04	\N	3
7904	37		01:00 PM	8	7	2024-01-04 19:51:15.34405-04	\N	3
7905	52		02:00 PM	8	7	2024-01-04 19:51:15.34405-04	\N	3
7906	23		03:00 PM	8	7	2024-01-04 19:51:15.34405-04	\N	3
7907	26		04:00 PM	8	7	2024-01-04 19:51:15.34405-04	\N	3
7908	39		05:00 PM	8	7	2024-01-04 19:51:15.34405-04	\N	3
7909	78		06:00 PM	8	7	2024-01-04 19:51:15.34405-04	\N	3
7910	50		07:00 PM	8	7	2024-01-04 19:51:15.34405-04	\N	3
7942	19 Chivo		07:30 PM	5	4	2024-01-04 19:55:24.784507-04	\N	1
5660	01		09:15 AM	9	8	2024-01-02 19:30:12.230389-04	\N	3
5661	45		10:15 AM	9	8	2024-01-02 19:30:12.230389-04	\N	3
5662	99		11:15 AM	9	8	2024-01-02 19:30:12.230389-04	\N	3
5663	95		12:15 PM	9	8	2024-01-02 19:30:12.230389-04	\N	3
5664	37		01:15 PM	9	8	2024-01-02 19:30:12.230389-04	\N	3
5665	21		02:15 PM	9	8	2024-01-02 19:30:12.230389-04	\N	3
5666	19		03:15 PM	9	8	2024-01-02 19:30:12.230389-04	\N	3
5667	35		04:15 PM	9	8	2024-01-02 19:30:12.230389-04	\N	3
5668	81		05:15 PM	9	8	2024-01-02 19:30:12.230389-04	\N	3
5669	70		06:15 PM	9	8	2024-01-02 19:30:12.230389-04	\N	3
5670	86		07:15 PM	9	8	2024-01-02 19:30:12.230389-04	\N	3
5671	15		08:00 AM	8	7	2024-01-02 19:30:12.989417-04	\N	3
5672	03		09:00 AM	8	7	2024-01-02 19:30:12.989417-04	\N	3
5673	11		10:00 AM	8	7	2024-01-02 19:30:12.989417-04	\N	3
5674	29		11:00 AM	8	7	2024-01-02 19:30:12.989417-04	\N	3
5675	74		12:00 PM	8	7	2024-01-02 19:30:12.989417-04	\N	3
5676	69		01:00 PM	8	7	2024-01-02 19:30:12.989417-04	\N	3
5677	48		02:00 PM	8	7	2024-01-02 19:30:12.989417-04	\N	3
5678	66		03:00 PM	8	7	2024-01-02 19:30:12.989417-04	\N	3
5679	58		04:00 PM	8	7	2024-01-02 19:30:12.989417-04	\N	3
5680	61		05:00 PM	8	7	2024-01-02 19:30:12.989417-04	\N	3
5681	05		06:00 PM	8	7	2024-01-02 19:30:12.989417-04	\N	3
5682	31		07:00 PM	8	7	2024-01-02 19:30:12.989417-04	\N	3
5689	479		07:10 PM	4	6	2024-01-02 19:33:28.979441-04	Triple A	2
5690	436		07:10 PM	4	6	2024-01-02 19:33:28.979441-04	Triple B	2
5691	857		04:30 PM	4	6	2024-01-02 19:33:28.979441-04	Triple A	2
5692	768		04:30 PM	4	6	2024-01-02 19:33:28.979441-04	Triple B	2
7946	02 Toro		06:30 PM	5	4	2024-01-04 19:55:24.784507-04	\N	1
7947	13 Mono		05:30 PM	5	4	2024-01-04 19:55:24.784507-04	\N	1
7948	22 Camello		04:30 PM	5	4	2024-01-04 19:55:24.784507-04	\N	1
7949	33 Pescado		03:30 PM	5	4	2024-01-04 19:55:24.784507-04	\N	1
7950	15 Zorro		02:30 PM	5	4	2024-01-04 19:55:24.784507-04	\N	1
7951	17 Pavo		01:30 PM	5	4	2024-01-04 19:55:24.784507-04	\N	1
7952	0 Delfín		12:30 PM	5	4	2024-01-04 19:55:24.784507-04	\N	1
7953	29 Elefante		11:30 AM	5	4	2024-01-04 19:55:24.784507-04	\N	1
7954	10 Tigre		10:30 AM	5	4	2024-01-04 19:55:24.784507-04	\N	1
7955	25 Gallina		09:30 AM	5	4	2024-01-04 19:55:24.784507-04	\N	1
7956	918		07:05 PM	6	5	2024-01-04 19:59:05.703188-04	Triple A	2
7957	568		07:05 PM	6	5	2024-01-04 19:59:05.703188-04	Triple B	2
7958	529		04:45 PM	6	5	2024-01-04 19:59:05.703188-04	Triple A	2
6122	34 VENADO		09:10 AM	14	14	2024-01-03 13:20:01.59698-04	\N	1
6123	3 CIEMPIES		10:10 AM	14	14	2024-01-03 13:20:01.59698-04	\N	1
6124	23 CEBRA		11:10 AM	14	14	2024-01-03 13:20:01.59698-04	\N	1
6125	30 CAIMAN		12:10 PM	14	14	2024-01-03 13:20:01.59698-04	\N	1
6126	15 ZORRO		01:10 PM	14	14	2024-01-03 13:20:01.59698-04	\N	1
7959	197		04:45 PM	6	5	2024-01-04 19:59:05.703188-04	Triple B	2
7960	710		12:45 PM	6	5	2024-01-04 19:59:05.703188-04	Triple A	2
7961	784		12:45 PM	6	5	2024-01-04 19:59:05.703188-04	Triple B	2
5693	317		01:00 PM	4	6	2024-01-02 19:33:28.979441-04	Triple A	2
5694	746		01:00 PM	4	6	2024-01-02 19:33:28.979441-04	Triple B	2
7427	597		01:30 PM	15	15	2024-01-04 18:36:16.802001-04	Triple A	2
7428	192		01:30 PM	15	15	2024-01-04 18:36:16.802001-04	Triple B	2
7429	291		04:30 PM	15	15	2024-01-04 18:36:16.802001-04	Triple A	2
7430	931		04:30 PM	15	15	2024-01-04 18:36:16.802001-04	Triple B	2
5562	892		09:05 AM	12	12	2024-01-02 19:15:06.95525-04	\N	2
5563	627		10:05 AM	12	12	2024-01-02 19:15:06.95525-04	\N	2
5564	237		11:05 AM	12	12	2024-01-02 19:15:06.95525-04	\N	2
5565	707		12:05 PM	12	12	2024-01-02 19:15:06.95525-04	\N	2
5566	719		01:05 PM	12	12	2024-01-02 19:15:06.95525-04	\N	2
5567	300		02:05 PM	12	12	2024-01-02 19:15:06.95525-04	\N	2
5568	439		03:05 PM	12	12	2024-01-02 19:15:06.95525-04	\N	2
5569	615		04:05 PM	12	12	2024-01-02 19:15:06.95525-04	\N	2
5570	355		05:05 PM	12	12	2024-01-02 19:15:06.95525-04	\N	2
5571	307		06:05 PM	12	12	2024-01-02 19:15:06.95525-04	\N	2
5572	543		07:05 PM	12	12	2024-01-02 19:15:06.95525-04	\N	2
11005	27 Perro		11:00 AM	10	10	2024-01-09 19:15:02.428716-04	\N	1
11006	25 Gallina		12:00 PM	10	10	2024-01-09 19:15:02.428716-04	\N	1
11007	16 Oso		01:00 PM	10	10	2024-01-09 19:15:02.428716-04	\N	1
11008	19 Chivo		02:00 PM	10	10	2024-01-09 19:15:02.428716-04	\N	1
11009	36 Culebra		03:00 PM	10	10	2024-01-09 19:15:02.428716-04	\N	1
11010	29 Elefante		04:00 PM	10	10	2024-01-09 19:15:02.428716-04	\N	1
11011	20 Cochino		05:00 PM	10	10	2024-01-09 19:15:02.428716-04	\N	1
11012	24 Iguana		06:00 PM	10	10	2024-01-09 19:15:02.428716-04	\N	1
11013	36 Culebra		07:00 PM	10	10	2024-01-09 19:15:02.428716-04	\N	1
11026	44 Chiguire		08:00 AM	11	11	2024-01-09 19:15:02.472865-04	\N	5
11027	1 Carnero		09:00 AM	11	11	2024-01-09 19:15:02.472865-04	\N	5
8933	23 CEBRA		08:00 AM	1	3	2024-01-05 19:20:19.497897-04	\N	1
8934	9 AGUILA		09:00 AM	1	3	2024-01-05 19:20:19.497897-04	\N	1
8935	35 JIRAFA		10:00 AM	1	3	2024-01-05 19:20:19.497897-04	\N	1
8936	30 CAIMAN		11:00 AM	1	3	2024-01-05 19:20:19.497897-04	\N	1
7875	14 Paloma		07:00 PM	16	16	2024-01-04 19:51:12.048983-04	\N	1
5683	257		01:00 PM	3	9	2024-01-02 19:33:18.026012-04	Triple A	2
5684	254		07:00 PM	3	9	2024-01-02 19:33:18.026012-04	Triple A	2
5685	790		04:30 PM	3	9	2024-01-02 19:33:18.026012-04	Triple A	2
5686	344		01:00 PM	3	9	2024-01-02 19:33:18.026012-04	Triple B	2
5687	520		04:30 PM	3	9	2024-01-02 19:33:18.026012-04	Triple B	2
5688	200		07:00 PM	3	9	2024-01-02 19:33:18.026012-04	Triple B	2
5695	018		07:05 PM	6	5	2024-01-02 19:33:31.779999-04	Triple A	2
5696	825		07:05 PM	6	5	2024-01-02 19:33:31.779999-04	Triple B	2
5697	228		04:45 PM	6	5	2024-01-02 19:33:31.779999-04	Triple A	2
5698	836		04:45 PM	6	5	2024-01-02 19:33:31.779999-04	Triple B	2
5699	526		12:45 PM	6	5	2024-01-02 19:33:31.779999-04	Triple A	2
5700	313		12:45 PM	6	5	2024-01-02 19:33:31.779999-04	Triple B	2
7877	29 Elefante		06:00 PM	16	16	2024-01-04 19:51:12.048983-04	\N	1
7878	20 Cochino		05:00 PM	16	16	2024-01-04 19:51:12.048983-04	\N	1
7879	27 Perro		04:00 PM	16	16	2024-01-04 19:51:12.048983-04	\N	1
7880	33 Pescado		03:00 PM	16	16	2024-01-04 19:51:12.048983-04	\N	1
7881	12 Caballo		02:00 PM	16	16	2024-01-04 19:51:12.048983-04	\N	1
7882	14 Paloma		01:00 PM	16	16	2024-01-04 19:51:12.048983-04	\N	1
7883	08 Ratón		12:00 PM	16	16	2024-01-04 19:51:12.048983-04	\N	1
6081	33 PESCADO		08:00 AM	1	3	2024-01-03 13:15:15.482647-04	\N	1
6082	15 ZORRO		09:00 AM	1	3	2024-01-03 13:15:15.482647-04	\N	1
6083	10 TIGRE		10:00 AM	1	3	2024-01-03 13:15:15.482647-04	\N	1
6084	35 JIRAFA		11:00 AM	1	3	2024-01-03 13:15:15.482647-04	\N	1
6085	20 COCHINO		12:00 PM	1	3	2024-01-03 13:15:15.482647-04	\N	1
6086	13 MONO		01:00 PM	1	3	2024-01-03 13:15:15.482647-04	\N	1
6092	29 Elefante		08:00 AM	10	10	2024-01-03 13:15:15.679819-04	\N	1
6093	13 Mono		09:00 AM	10	10	2024-01-03 13:15:15.679819-04	\N	1
6094	0 Delfin		10:00 AM	10	10	2024-01-03 13:15:15.679819-04	\N	1
6095	34 Venado		11:00 AM	10	10	2024-01-03 13:15:15.679819-04	\N	1
6096	25 Gallina		12:00 PM	10	10	2024-01-03 13:15:15.679819-04	\N	1
6097	28 Zamuro		01:00 PM	10	10	2024-01-03 13:15:15.679819-04	\N	1
6104	33 Pescado		08:00 AM	11	11	2024-01-03 13:15:15.826017-04	\N	5
6105	30 caiman		09:00 AM	11	11	2024-01-03 13:15:15.826017-04	\N	5
6106	10 Tigre		10:00 AM	11	11	2024-01-03 13:15:15.826017-04	\N	5
6107	44 Chiguire		11:00 AM	11	11	2024-01-03 13:15:15.826017-04	\N	5
6108	36 Culebra		12:00 PM	11	11	2024-01-03 13:15:15.826017-04	\N	5
6109	68 Jaguar		01:00 PM	11	11	2024-01-03 13:15:15.826017-04	\N	5
6127	76		08:05 AM	13	13	2024-01-03 13:20:01.796545-04	\N	3
6128	51		09:05 AM	13	13	2024-01-03 13:20:01.796545-04	\N	3
6129	88		10:05 AM	13	13	2024-01-03 13:20:01.796545-04	\N	3
6130	91		11:05 AM	13	13	2024-01-03 13:20:01.796545-04	\N	3
6131	77		12:05 PM	13	13	2024-01-03 13:20:01.796545-04	\N	3
6132	92		01:05 PM	13	13	2024-01-03 13:20:01.796545-04	\N	3
7884	22 Camello		11:00 AM	16	16	2024-01-04 19:51:12.048983-04	\N	1
7885	36 Culebra		10:00 AM	16	16	2024-01-04 19:51:12.048983-04	\N	1
7886	01 Carnero		09:00 AM	16	16	2024-01-04 19:51:12.048983-04	\N	1
7893	920		01:00 PM	17	17	2024-01-04 19:51:14.08442-04	Triple A	2
7894	765		01:00 PM	17	17	2024-01-04 19:51:14.08442-04	Triple B	2
7895	243		04:30 PM	17	17	2024-01-04 19:51:14.08442-04	Triple A	2
7896	907		04:30 PM	17	17	2024-01-04 19:51:14.08442-04	Triple B	2
7897	135		07:00 PM	17	17	2024-01-04 19:51:14.08442-04	Triple A	2
7898	258		07:00 PM	17	17	2024-01-04 19:51:14.08442-04	Triple B	2
8937	00 BALLENA		12:00 PM	1	3	2024-01-05 19:20:19.497897-04	\N	1
8938	25 GALLINA		01:00 PM	1	3	2024-01-05 19:20:19.497897-04	\N	1
8939	9 AGUILA		02:00 PM	1	3	2024-01-05 19:20:19.497897-04	\N	1
8940	7 PERICO		03:00 PM	1	3	2024-01-05 19:20:19.497897-04	\N	1
8941	1 CARNERO		04:00 PM	1	3	2024-01-05 19:20:19.497897-04	\N	1
8942	17 PAVO		05:00 PM	1	3	2024-01-05 19:20:19.497897-04	\N	1
8943	33 PESCADO		06:00 PM	1	3	2024-01-05 19:20:19.497897-04	\N	1
8944	7 PERICO		07:00 PM	1	3	2024-01-05 19:20:19.497897-04	\N	1
8945	784		09:05 AM	12	12	2024-01-05 19:20:19.569409-04	\N	2
8946	544		10:05 AM	12	12	2024-01-05 19:20:19.569409-04	\N	2
8947	167		11:05 AM	12	12	2024-01-05 19:20:19.569409-04	\N	2
8729	905		01:30 PM	15	15	2024-01-05 18:13:11.919372-04	Triple A	2
8730	102		01:30 PM	15	15	2024-01-05 18:13:11.919372-04	Triple B	2
8731	109		04:30 PM	15	15	2024-01-05 18:13:11.919372-04	Triple A	2
8732	726		04:30 PM	15	15	2024-01-05 18:13:11.919372-04	Triple B	2
11014	8 RATON		08:00 AM	1	3	2024-01-09 19:15:02.442902-04	\N	1
11015	19 CHIVO		09:00 AM	1	3	2024-01-09 19:15:02.442902-04	\N	1
6179	272		01:00 PM	18	18	2024-01-03 13:45:09.252992-04	\N	7
6184	489		01:30 PM	15	15	2024-01-03 13:45:09.951937-04	Triple A	2
6185	908		01:30 PM	15	15	2024-01-03 13:45:09.951937-04	Triple B	2
11016	00 BALLENA		10:00 AM	1	3	2024-01-09 19:15:02.442902-04	\N	1
5996	907		12:45 PM	6	5	2024-01-03 12:59:14.964407-04	Triple A	2
5997	891		12:45 PM	6	5	2024-01-03 12:59:14.964407-04	Triple B	2
11017	35 JIRAFA		11:00 AM	1	3	2024-01-09 19:15:02.442902-04	\N	1
11018	13 MONO		12:00 PM	1	3	2024-01-09 19:15:02.442902-04	\N	1
11019	33 PESCADO		01:00 PM	1	3	2024-01-09 19:15:02.442902-04	\N	1
7911	87		09:15 AM	9	8	2024-01-04 19:51:15.407113-04	\N	3
7912	91		10:15 AM	9	8	2024-01-04 19:51:15.407113-04	\N	3
7913	80		11:15 AM	9	8	2024-01-04 19:51:15.407113-04	\N	3
7914	43		12:15 PM	9	8	2024-01-04 19:51:15.407113-04	\N	3
7915	56		01:15 PM	9	8	2024-01-04 19:51:15.407113-04	\N	3
6087	100		09:05 AM	12	12	2024-01-03 13:15:15.669986-04	\N	2
6088	274		10:05 AM	12	12	2024-01-03 13:15:15.669986-04	\N	2
6089	629		11:05 AM	12	12	2024-01-03 13:15:15.669986-04	\N	2
6090	259		12:05 PM	12	12	2024-01-03 13:15:15.669986-04	\N	2
6091	096		01:05 PM	12	12	2024-01-03 13:15:15.669986-04	\N	2
7916	09		02:15 PM	9	8	2024-01-04 19:51:15.407113-04	\N	3
7917	65		03:15 PM	9	8	2024-01-04 19:51:15.407113-04	\N	3
7918	05		04:15 PM	9	8	2024-01-04 19:51:15.407113-04	\N	3
7919	54		05:15 PM	9	8	2024-01-04 19:51:15.407113-04	\N	3
7920	31		06:15 PM	9	8	2024-01-04 19:51:15.407113-04	\N	3
7921	97		07:15 PM	9	8	2024-01-04 19:51:15.407113-04	\N	3
11020	27 PERRO		02:00 PM	1	3	2024-01-09 19:15:02.442902-04	\N	1
11021	21 GALLO		03:00 PM	1	3	2024-01-09 19:15:02.442902-04	\N	1
11022	2 TORO		04:00 PM	1	3	2024-01-09 19:15:02.442902-04	\N	1
11023	7 PERICO		05:00 PM	1	3	2024-01-09 19:15:02.442902-04	\N	1
8948	675		12:05 PM	12	12	2024-01-05 19:20:19.569409-04	\N	2
8949	693		01:05 PM	12	12	2024-01-05 19:20:19.569409-04	\N	2
8950	345		02:05 PM	12	12	2024-01-05 19:20:19.569409-04	\N	2
8951	928		03:05 PM	12	12	2024-01-05 19:20:19.569409-04	\N	2
8952	908		04:05 PM	12	12	2024-01-05 19:20:19.569409-04	\N	2
8953	342		05:05 PM	12	12	2024-01-05 19:20:19.569409-04	\N	2
8954	184		06:05 PM	12	12	2024-01-05 19:20:19.569409-04	\N	2
8955	943		07:05 PM	12	12	2024-01-05 19:20:19.569409-04	\N	2
8956	24 Iguana		08:00 AM	10	10	2024-01-05 19:20:19.71369-04	\N	1
8957	31 Lapa		09:00 AM	10	10	2024-01-05 19:20:19.71369-04	\N	1
8958	2 Toro		10:00 AM	10	10	2024-01-05 19:20:19.71369-04	\N	1
8959	8 Raton		11:00 AM	10	10	2024-01-05 19:20:19.71369-04	\N	1
8960	13 Mono		12:00 PM	10	10	2024-01-05 19:20:19.71369-04	\N	1
8961	35 Jirafa		01:00 PM	10	10	2024-01-05 19:20:19.71369-04	\N	1
8962	11 Gato		02:00 PM	10	10	2024-01-05 19:20:19.71369-04	\N	1
8963	28 Zamuro		03:00 PM	10	10	2024-01-05 19:20:19.71369-04	\N	1
8964	36 Culebra		04:00 PM	10	10	2024-01-05 19:20:19.71369-04	\N	1
8965	12 Caballo		05:00 PM	10	10	2024-01-05 19:20:19.71369-04	\N	1
8966	30 caiman		06:00 PM	10	10	2024-01-05 19:20:19.71369-04	\N	1
8967	5 Leon		07:00 PM	10	10	2024-01-05 19:20:19.71369-04	\N	1
8968	31 Lapa		08:00 AM	11	11	2024-01-05 19:20:19.793433-04	\N	5
8969	12 Caballo		09:00 AM	11	11	2024-01-05 19:20:19.793433-04	\N	5
8970	65 Arana		10:00 AM	11	11	2024-01-05 19:20:19.793433-04	\N	5
8971	46 Puma		11:00 AM	11	11	2024-01-05 19:20:19.793433-04	\N	5
8972	63 Cangrejo		12:00 PM	11	11	2024-01-05 19:20:19.793433-04	\N	5
8973	68 Jaguar		01:00 PM	11	11	2024-01-05 19:20:19.793433-04	\N	5
8974	49 Pereza		02:00 PM	11	11	2024-01-05 19:20:19.793433-04	\N	5
8975	54 Grillo		03:00 PM	11	11	2024-01-05 19:20:19.793433-04	\N	5
8976	67 Avestru		04:00 PM	11	11	2024-01-05 19:20:19.793433-04	\N	5
8977	50 Canario		05:00 PM	11	11	2024-01-05 19:20:19.793433-04	\N	5
7701	25 Gallina		08:00 AM	11	11	2024-01-04 19:15:00.774169-04	\N	5
7702	26 Vaca		09:00 AM	11	11	2024-01-04 19:15:00.774169-04	\N	5
7703	50 Canario		10:00 AM	11	11	2024-01-04 19:15:00.774169-04	\N	5
7704	29 Elefante		11:00 AM	11	11	2024-01-04 19:15:00.774169-04	\N	5
7705	47 Pavo Real		12:00 PM	11	11	2024-01-04 19:15:00.774169-04	\N	5
7706	40 Avispa		01:00 PM	11	11	2024-01-04 19:15:00.774169-04	\N	5
7707	15 Zorro		02:00 PM	11	11	2024-01-04 19:15:00.774169-04	\N	5
7708	5 Leon		03:00 PM	11	11	2024-01-04 19:15:00.774169-04	\N	5
7709	73 Hipopotamo		04:00 PM	11	11	2024-01-04 19:15:00.774169-04	\N	5
7710	33 Pescado		05:00 PM	11	11	2024-01-04 19:15:00.774169-04	\N	5
7711	20 Cochino		06:00 PM	11	11	2024-01-04 19:15:00.774169-04	\N	5
7723	897		09:05 AM	12	12	2024-01-04 19:15:01.13306-04	\N	2
7724	924		10:05 AM	12	12	2024-01-04 19:15:01.13306-04	\N	2
7725	691		11:05 AM	12	12	2024-01-04 19:15:01.13306-04	\N	2
7726	920		12:05 PM	12	12	2024-01-04 19:15:01.13306-04	\N	2
7727	567		01:05 PM	12	12	2024-01-04 19:15:01.13306-04	\N	2
7728	491		02:05 PM	12	12	2024-01-04 19:15:01.13306-04	\N	2
7729	971		03:05 PM	12	12	2024-01-04 19:15:01.13306-04	\N	2
7730	662		04:05 PM	12	12	2024-01-04 19:15:01.13306-04	\N	2
7731	762		05:05 PM	12	12	2024-01-04 19:15:01.13306-04	\N	2
7732	255		06:05 PM	12	12	2024-01-04 19:15:01.13306-04	\N	2
7733	842		07:05 PM	12	12	2024-01-04 19:15:01.13306-04	\N	2
8978	37 Tortuga		06:00 PM	11	11	2024-01-05 19:20:19.793433-04	\N	5
8979	39 Lechuza		07:00 PM	11	11	2024-01-05 19:20:19.793433-04	\N	5
8980	61		08:05 AM	13	13	2024-01-05 19:20:19.916159-04	\N	3
8981	84		09:05 AM	13	13	2024-01-05 19:20:19.916159-04	\N	3
8982	81		10:05 AM	13	13	2024-01-05 19:20:19.916159-04	\N	3
8983	49		11:05 AM	13	13	2024-01-05 19:20:19.916159-04	\N	3
8984	59		12:05 PM	13	13	2024-01-05 19:20:19.916159-04	\N	3
8985	58		01:05 PM	13	13	2024-01-05 19:20:19.916159-04	\N	3
8986	23		02:05 PM	13	13	2024-01-05 19:20:19.916159-04	\N	3
8987	62		03:05 PM	13	13	2024-01-05 19:20:19.916159-04	\N	3
8988	45		04:05 PM	13	13	2024-01-05 19:20:19.916159-04	\N	3
9710	20 Cochino		06:30 PM	5	4	2024-01-08 18:59:37.827293-04	\N	1
9711	36 Culebra		05:30 PM	5	4	2024-01-08 18:59:37.827293-04	\N	1
6180	692		01:00 PM	3	9	2024-01-03 13:45:09.253054-04	Triple A	2
6181	609		01:00 PM	3	9	2024-01-03 13:45:09.253054-04	Triple B	2
9712	28 Zamuro		04:30 PM	5	4	2024-01-08 18:59:37.827293-04	\N	1
9713	21 Gallo		03:30 PM	5	4	2024-01-08 18:59:37.827293-04	\N	1
9714	10 Tigre		02:30 PM	5	4	2024-01-08 18:59:37.827293-04	\N	1
9715	0 Delfín		01:30 PM	5	4	2024-01-08 18:59:37.827293-04	\N	1
8989	13		05:05 PM	13	13	2024-01-05 19:20:19.916159-04	\N	3
8990	43		06:05 PM	13	13	2024-01-05 19:20:19.916159-04	\N	3
8991	99		07:05 PM	13	13	2024-01-05 19:20:19.916159-04	\N	3
8992	02 Toro		07:00 PM	16	16	2024-01-05 19:20:20.037702-04	\N	1
8993	28 Zamuro		06:00 PM	16	16	2024-01-05 19:20:20.037702-04	\N	1
8994	18 Burro		05:00 PM	16	16	2024-01-05 19:20:20.037702-04	\N	1
8995	03 Ciempiés		04:00 PM	16	16	2024-01-05 19:20:20.037702-04	\N	1
8996	16 Oso		03:00 PM	16	16	2024-01-05 19:20:20.037702-04	\N	1
8997	03 Ciempiés		02:00 PM	16	16	2024-01-05 19:20:20.037702-04	\N	1
8998	26 Vaca		01:00 PM	16	16	2024-01-05 19:20:20.037702-04	\N	1
8999	15 Zorro		12:00 PM	16	16	2024-01-05 19:20:20.037702-04	\N	1
9000	37 Delfin		11:00 AM	16	16	2024-01-05 19:20:20.037702-04	\N	1
9001	10 Tigre		10:00 AM	16	16	2024-01-05 19:20:20.037702-04	\N	1
9002	32 Ardilla		09:00 AM	16	16	2024-01-05 19:20:20.037702-04	\N	1
9003	34 VENADO		09:10 AM	14	14	2024-01-05 19:20:20.935251-04	\N	1
9004	14 PALOMA		10:10 AM	14	14	2024-01-05 19:20:20.935251-04	\N	1
9005	21 GALLO		11:10 AM	14	14	2024-01-05 19:20:20.935251-04	\N	1
9006	29 ELEFANTE		12:10 PM	14	14	2024-01-05 19:20:20.935251-04	\N	1
9007	5 LEON		01:10 PM	14	14	2024-01-05 19:20:20.935251-04	\N	1
9008	9 AGUILA		02:10 PM	14	14	2024-01-05 19:20:20.935251-04	\N	1
9009	4 ALACRAN		03:10 PM	14	14	2024-01-05 19:20:20.935251-04	\N	1
9010	35 JIRAFA		04:10 PM	14	14	2024-01-05 19:20:20.935251-04	\N	1
9011	20 COCHINO		05:10 PM	14	14	2024-01-05 19:20:20.935251-04	\N	1
9012	25 GALLINA		06:10 PM	14	14	2024-01-05 19:20:20.935251-04	\N	1
9013	15 ZORRO		07:10 PM	14	14	2024-01-05 19:20:20.935251-04	\N	1
9716	00 Ballena		12:30 PM	5	4	2024-01-08 18:59:37.827293-04	\N	1
9717	14 Paloma		11:30 AM	5	4	2024-01-08 18:59:37.827293-04	\N	1
9718	06 Rana		10:30 AM	5	4	2024-01-08 18:59:37.827293-04	\N	1
9719	22 Camello		09:30 AM	5	4	2024-01-08 18:59:37.827293-04	\N	1
9720	07 Perico		08:30 AM	5	4	2024-01-08 18:59:37.827293-04	\N	1
11024	16 OSO		06:00 PM	1	3	2024-01-09 19:15:02.442902-04	\N	1
11025	3 CIEMPIES		07:00 PM	1	3	2024-01-09 19:15:02.442902-04	\N	1
7712	20 Cochino		08:00 AM	10	10	2024-01-04 19:15:00.855571-04	\N	1
7713	27 Perro		09:00 AM	10	10	2024-01-04 19:15:00.855571-04	\N	1
7714	18 Burro		10:00 AM	10	10	2024-01-04 19:15:00.855571-04	\N	1
7715	6 Rana		11:00 AM	10	10	2024-01-04 19:15:00.855571-04	\N	1
7716	30 caiman		12:00 PM	10	10	2024-01-04 19:15:00.855571-04	\N	1
7717	33 Pescado		01:00 PM	10	10	2024-01-04 19:15:00.855571-04	\N	1
7718	11 Gato		02:00 PM	10	10	2024-01-04 19:15:00.855571-04	\N	1
7719	36 Culebra		03:00 PM	10	10	2024-01-04 19:15:00.855571-04	\N	1
7720	2 Toro		04:00 PM	10	10	2024-01-04 19:15:00.855571-04	\N	1
7721	10 Tigre		05:00 PM	10	10	2024-01-04 19:15:00.855571-04	\N	1
7722	1 Carnero		06:00 PM	10	10	2024-01-04 19:15:00.855571-04	\N	1
7734	25 GALLINA		08:00 AM	1	3	2024-01-04 19:15:01.152286-04	\N	1
7735	2 TORO		09:00 AM	1	3	2024-01-04 19:15:01.152286-04	\N	1
7736	1 CARNERO		10:00 AM	1	3	2024-01-04 19:15:01.152286-04	\N	1
7737	29 ELEFANTE		11:00 AM	1	3	2024-01-04 19:15:01.152286-04	\N	1
7738	17 PAVO		12:00 PM	1	3	2024-01-04 19:15:01.152286-04	\N	1
7739	34 VENADO		01:00 PM	1	3	2024-01-04 19:15:01.152286-04	\N	1
7740	15 ZORRO		02:00 PM	1	3	2024-01-04 19:15:01.152286-04	\N	1
7741	31 LAPA		03:00 PM	1	3	2024-01-04 19:15:01.152286-04	\N	1
7742	17 PAVO		04:00 PM	1	3	2024-01-04 19:15:01.152286-04	\N	1
7743	28 ZAMURO		05:00 PM	1	3	2024-01-04 19:15:01.152286-04	\N	1
7744	18 BURRO		06:00 PM	1	3	2024-01-04 19:15:01.152286-04	\N	1
7745	33 PESCADO		07:00 PM	1	3	2024-01-04 19:15:01.152286-04	\N	1
9390	9 AGUILA		09:10 AM	14	14	2024-01-06 12:20:14.28488-04	\N	1
9391	19 CHIVO		10:10 AM	14	14	2024-01-06 12:20:14.28488-04	\N	1
9392	32 ARDILLA		11:10 AM	14	14	2024-01-06 12:20:14.28488-04	\N	1
9393	27 PERRO		12:10 PM	14	14	2024-01-06 12:20:14.28488-04	\N	1
9394	00		08:05 AM	13	13	2024-01-06 12:20:14.744059-04	\N	3
9395	90		09:05 AM	13	13	2024-01-06 12:20:14.744059-04	\N	3
9396	03		10:05 AM	13	13	2024-01-06 12:20:14.744059-04	\N	3
9397	69		11:05 AM	13	13	2024-01-06 12:20:14.744059-04	\N	3
9398	27		12:05 PM	13	13	2024-01-06 12:20:14.744059-04	\N	3
9399	016		12:00 PM	2	1	2024-01-06 12:20:16.940317-04	\N	2
11302	399 TAU		01:00 PM	18	18	2024-01-09 19:45:10.136586-04	\N	7
11303	506 ARI		04:30 PM	18	18	2024-01-09 19:45:10.136586-04	\N	7
11304	525 LEO		07:00 PM	18	18	2024-01-09 19:45:10.136586-04	\N	7
11305	698		07:00 PM	3	9	2024-01-09 19:45:10.563145-04	Triple A	2
11306	020		01:00 PM	3	9	2024-01-09 19:45:10.563145-04	Triple A	2
11307	608		04:30 PM	3	9	2024-01-09 19:45:10.563145-04	Triple A	2
11308	971		01:00 PM	3	9	2024-01-09 19:45:10.563145-04	Triple B	2
11309	922		04:30 PM	3	9	2024-01-09 19:45:10.563145-04	Triple B	2
11310	534		07:00 PM	3	9	2024-01-09 19:45:10.563145-04	Triple B	2
11311	058		07:10 PM	4	6	2024-01-09 19:45:11.713029-04	Triple A	2
11312	831		07:10 PM	4	6	2024-01-09 19:45:11.713029-04	Triple B	2
11313	814		04:30 PM	4	6	2024-01-09 19:45:11.713029-04	Triple A	2
11314	267		04:30 PM	4	6	2024-01-09 19:45:11.713029-04	Triple B	2
11315	249		01:00 PM	4	6	2024-01-09 19:45:11.713029-04	Triple A	2
11316	323		01:00 PM	4	6	2024-01-09 19:45:11.713029-04	Triple B	2
11317	048 PIS		07:10 PM	23	23	2024-01-09 19:45:12.297105-04	\N	7
11318	140 CAP		04:30 PM	23	23	2024-01-09 19:45:12.297105-04	\N	7
11319	368 ACU		01:00 PM	23	23	2024-01-09 19:45:12.297105-04	\N	7
11320	084 ESCORPIO		01:00 PM	21	21	2024-01-09 19:45:13.424135-04	\N	7
11321	674 LIBRA		04:30 PM	21	21	2024-01-09 19:45:13.424135-04	\N	7
11322	342 PISCIS		07:00 PM	21	21	2024-01-09 19:45:13.424135-04	\N	7
11028	60 Camaleon		10:00 AM	11	11	2024-01-09 19:15:02.472865-04	\N	5
11029	2 Toro		11:00 AM	11	11	2024-01-09 19:15:02.472865-04	\N	5
11030	51 Pelicano		12:00 PM	11	11	2024-01-09 19:15:02.472865-04	\N	5
11031	20 Cochino		01:00 PM	11	11	2024-01-09 19:15:02.472865-04	\N	5
11032	42 Tucan		02:00 PM	11	11	2024-01-09 19:15:02.472865-04	\N	5
11033	63 Cangrejo		03:00 PM	11	11	2024-01-09 19:15:02.472865-04	\N	5
11034	37 Tortuga		04:00 PM	11	11	2024-01-09 19:15:02.472865-04	\N	5
11035	28 Zamuro		05:00 PM	11	11	2024-01-09 19:15:02.472865-04	\N	5
11036	57 Pato		06:00 PM	11	11	2024-01-09 19:15:02.472865-04	\N	5
9014	864		01:00 PM	3	9	2024-01-05 19:20:22.660621-04	Triple A	2
9015	922		04:30 PM	3	9	2024-01-05 19:20:22.660621-04	Triple A	2
9016	047		01:00 PM	3	9	2024-01-05 19:20:22.660621-04	Triple B	2
9017	607		04:30 PM	3	9	2024-01-05 19:20:22.660621-04	Triple B	2
9018	457		01:00 PM	18	18	2024-01-05 19:20:22.752334-04	\N	7
9019	183		04:30 PM	18	18	2024-01-05 19:20:22.752334-04	\N	7
9020	134		04:30 PM	4	6	2024-01-05 19:20:24.408545-04	Triple A	2
9021	523		04:30 PM	4	6	2024-01-05 19:20:24.408545-04	Triple B	2
9022	935		01:00 PM	4	6	2024-01-05 19:20:24.408545-04	Triple A	2
9023	326		01:00 PM	4	6	2024-01-05 19:20:24.408545-04	Triple B	2
9024	16		08:00 AM	8	7	2024-01-05 19:20:24.814936-04	\N	3
9025	56		09:00 AM	8	7	2024-01-05 19:20:24.814936-04	\N	3
9026	67		10:00 AM	8	7	2024-01-05 19:20:24.814936-04	\N	3
9027	19		11:00 AM	8	7	2024-01-05 19:20:24.814936-04	\N	3
9028	44		12:00 PM	8	7	2024-01-05 19:20:24.814936-04	\N	3
9029	02		01:00 PM	8	7	2024-01-05 19:20:24.814936-04	\N	3
9030	49		02:00 PM	8	7	2024-01-05 19:20:24.814936-04	\N	3
9031	51		03:00 PM	8	7	2024-01-05 19:20:24.814936-04	\N	3
9032	85		04:00 PM	8	7	2024-01-05 19:20:24.814936-04	\N	3
9033	96		05:00 PM	8	7	2024-01-05 19:20:24.814936-04	\N	3
9034	83		06:00 PM	8	7	2024-01-05 19:20:24.814936-04	\N	3
9035	63		07:00 PM	8	7	2024-01-05 19:20:24.814936-04	\N	3
9036	115		07:00 PM	2	1	2024-01-05 19:20:25.278296-04	\N	2
9037	482		04:00 PM	2	1	2024-01-05 19:20:25.278296-04	\N	2
9038	261		12:00 PM	2	1	2024-01-05 19:20:25.278296-04	\N	2
9039	30 Caimán		06:30 PM	5	4	2024-01-05 19:20:25.390688-04	\N	1
9040	07 Perico		05:30 PM	5	4	2024-01-05 19:20:25.390688-04	\N	1
9041	08 Ratón		04:30 PM	5	4	2024-01-05 19:20:25.390688-04	\N	1
9042	02 Toro		03:30 PM	5	4	2024-01-05 19:20:25.390688-04	\N	1
9043	04 Alacrán		02:30 PM	5	4	2024-01-05 19:20:25.390688-04	\N	1
9044	09 Águila		01:30 PM	5	4	2024-01-05 19:20:25.390688-04	\N	1
9045	31 Lapa		12:30 PM	5	4	2024-01-05 19:20:25.390688-04	\N	1
9046	33 Pescado		11:30 AM	5	4	2024-01-05 19:20:25.390688-04	\N	1
9047	10 Tigre		10:30 AM	5	4	2024-01-05 19:20:25.390688-04	\N	1
9048	35 Jirafa		09:30 AM	5	4	2024-01-05 19:20:25.390688-04	\N	1
8647	518\nPIC		01:15 PM	20	20	2024-01-05 15:51:07.639464-04	\N	7
11037	0 Delfin		07:00 PM	11	11	2024-01-09 19:15:02.472865-04	\N	5
9049	07 Perico		08:30 AM	5	4	2024-01-05 19:20:25.390688-04	\N	1
9050	55		09:15 AM	9	8	2024-01-05 19:20:25.978818-04	\N	3
9051	63		10:15 AM	9	8	2024-01-05 19:20:25.978818-04	\N	3
9052	24		11:15 AM	9	8	2024-01-05 19:20:25.978818-04	\N	3
9053	77		12:15 PM	9	8	2024-01-05 19:20:25.978818-04	\N	3
9054	27		01:15 PM	9	8	2024-01-05 19:20:25.978818-04	\N	3
9055	98		02:15 PM	9	8	2024-01-05 19:20:25.978818-04	\N	3
9056	00		03:15 PM	9	8	2024-01-05 19:20:25.978818-04	\N	3
9057	10		04:15 PM	9	8	2024-01-05 19:20:25.978818-04	\N	3
9058	71		05:15 PM	9	8	2024-01-05 19:20:25.978818-04	\N	3
9353	29 ELEFANTE		08:00 AM	1	3	2024-01-06 12:15:08.547559-04	\N	1
9354	32 ARDILLA		09:00 AM	1	3	2024-01-06 12:15:08.547559-04	\N	1
9355	21 GALLO		10:00 AM	1	3	2024-01-06 12:15:08.547559-04	\N	1
9356	10 TIGRE		11:00 AM	1	3	2024-01-06 12:15:08.547559-04	\N	1
9357	6 RANA		12:00 PM	1	3	2024-01-06 12:15:08.547559-04	\N	1
9367	17 Pavo		08:00 AM	10	10	2024-01-06 12:15:08.691496-04	\N	1
9059	45		06:15 PM	9	8	2024-01-05 19:20:25.978818-04	\N	3
9060	928		07:05 PM	6	5	2024-01-05 19:20:26.797793-04	Triple A	2
9061	689		07:05 PM	6	5	2024-01-05 19:20:26.797793-04	Triple B	2
9062	562		04:45 PM	6	5	2024-01-05 19:20:26.797793-04	Triple A	2
9063	830		04:45 PM	6	5	2024-01-05 19:20:26.797793-04	Triple B	2
9064	509		12:45 PM	6	5	2024-01-05 19:20:26.797793-04	Triple A	2
9065	468		12:45 PM	6	5	2024-01-05 19:20:26.797793-04	Triple B	2
9066	209		01:00 PM	17	17	2024-01-05 19:20:27.423102-04	Triple A	2
9067	796		01:00 PM	17	17	2024-01-05 19:20:27.423102-04	Triple B	2
9068	928		04:30 PM	17	17	2024-01-05 19:20:27.423102-04	Triple A	2
9069	407		04:30 PM	17	17	2024-01-05 19:20:27.423102-04	Triple B	2
9070	580		07:00 PM	17	17	2024-01-05 19:20:27.423102-04	Triple A	2
9071	634		07:00 PM	17	17	2024-01-05 19:20:27.423102-04	Triple B	2
9368	34 Venado		09:00 AM	10	10	2024-01-06 12:15:08.691496-04	\N	1
9369	23 Cebra		10:00 AM	10	10	2024-01-06 12:15:08.691496-04	\N	1
9370	5 Leon		11:00 AM	10	10	2024-01-06 12:15:08.691496-04	\N	1
9371	11 Gato		12:00 PM	10	10	2024-01-06 12:15:08.691496-04	\N	1
9408	38 Ballena		12:00 PM	16	16	2024-01-06 12:30:14.937473-04	\N	1
9409	25 Gallina		11:00 AM	16	16	2024-01-06 12:30:14.937473-04	\N	1
9410	35 Jirafa		10:00 AM	16	16	2024-01-06 12:30:14.937473-04	\N	1
9411	02 Toro		09:00 AM	16	16	2024-01-06 12:30:14.937473-04	\N	1
9412	35		08:00 AM	8	7	2024-01-06 12:30:16.44545-04	\N	3
9413	87		09:00 AM	8	7	2024-01-06 12:30:16.44545-04	\N	3
9414	04		10:00 AM	8	7	2024-01-06 12:30:16.44545-04	\N	3
9415	70		11:00 AM	8	7	2024-01-06 12:30:16.44545-04	\N	3
9416	27		12:00 PM	8	7	2024-01-06 12:30:16.44545-04	\N	3
9417	64		09:15 AM	9	8	2024-01-06 12:30:16.546609-04	\N	3
9418	48		10:15 AM	9	8	2024-01-06 12:30:16.546609-04	\N	3
9419	72		11:15 AM	9	8	2024-01-06 12:30:16.546609-04	\N	3
9420	94		12:15 PM	9	8	2024-01-06 12:30:16.546609-04	\N	3
11038	607		09:05 AM	12	12	2024-01-09 19:15:02.579048-04	\N	2
11039	365		10:05 AM	12	12	2024-01-09 19:15:02.579048-04	\N	2
11040	490		11:05 AM	12	12	2024-01-09 19:15:02.579048-04	\N	2
11041	284		12:05 PM	12	12	2024-01-09 19:15:02.579048-04	\N	2
11042	680		01:05 PM	12	12	2024-01-09 19:15:02.579048-04	\N	2
11043	770		02:05 PM	12	12	2024-01-09 19:15:02.579048-04	\N	2
11044	537		03:05 PM	12	12	2024-01-09 19:15:02.579048-04	\N	2
11045	393		04:05 PM	12	12	2024-01-09 19:15:02.579048-04	\N	2
11046	007		05:05 PM	12	12	2024-01-09 19:15:02.579048-04	\N	2
11047	283		06:05 PM	12	12	2024-01-09 19:15:02.579048-04	\N	2
11048	565		07:05 PM	12	12	2024-01-09 19:15:02.579048-04	\N	2
9829	30 CAIMAN		08:00 AM	1	3	2024-01-08 19:10:12.524353-04	\N	1
9830	5 LEON		09:00 AM	1	3	2024-01-08 19:10:12.524353-04	\N	1
9831	31 LAPA		10:00 AM	1	3	2024-01-08 19:10:12.524353-04	\N	1
9832	16 OSO		11:00 AM	1	3	2024-01-08 19:10:12.524353-04	\N	1
9833	20 COCHINO		12:00 PM	1	3	2024-01-08 19:10:12.524353-04	\N	1
9834	34 VENADO		01:00 PM	1	3	2024-01-08 19:10:12.524353-04	\N	1
9835	12 CABALLO		02:00 PM	1	3	2024-01-08 19:10:12.524353-04	\N	1
9836	14 PALOMA		03:00 PM	1	3	2024-01-08 19:10:12.524353-04	\N	1
9837	6 RANA		04:00 PM	1	3	2024-01-08 19:10:12.524353-04	\N	1
9838	2 TORO		05:00 PM	1	3	2024-01-08 19:10:12.524353-04	\N	1
9362	61 Panda		08:00 AM	11	11	2024-01-06 12:15:08.68983-04	\N	5
9363	0 Delfin		09:00 AM	11	11	2024-01-06 12:15:08.68983-04	\N	5
9364	18 Burro		10:00 AM	11	11	2024-01-06 12:15:08.68983-04	\N	5
9365	17 Pavo		11:00 AM	11	11	2024-01-06 12:15:08.68983-04	\N	5
9366	36 Culebra		12:00 PM	11	11	2024-01-06 12:15:08.68983-04	\N	5
9421	05 León		12:30 PM	5	4	2024-01-06 12:35:18.051751-04	\N	1
9422	25 Gallina		11:30 AM	5	4	2024-01-06 12:35:18.051751-04	\N	1
9423	13 Mono		10:30 AM	5	4	2024-01-06 12:35:18.051751-04	\N	1
9424	28 Zamuro		09:30 AM	5	4	2024-01-06 12:35:18.051751-04	\N	1
9425	12 Caballo		08:30 AM	5	4	2024-01-06 12:35:18.051751-04	\N	1
10666	342		01:15 PM	19	19	2024-01-09 18:15:18.993079-04	\N	2
10667	414		01:15 PM	19	19	2024-01-09 18:15:18.993079-04	\N	2
10668	905		04:45 PM	19	19	2024-01-09 18:15:18.993079-04	\N	2
10669	008		04:45 PM	19	19	2024-01-09 18:15:18.993079-04	\N	2
11323	540		01:00 PM	17	17	2024-01-09 19:45:15.261945-04	Triple A	2
11324	471		01:00 PM	17	17	2024-01-09 19:45:15.261945-04	Triple B	2
11325	483		04:30 PM	17	17	2024-01-09 19:45:15.261945-04	Triple A	2
11326	712		04:30 PM	17	17	2024-01-09 19:45:15.261945-04	Triple B	2
11327	619		07:00 PM	17	17	2024-01-09 19:45:15.261945-04	Triple A	2
11328	492		07:00 PM	17	17	2024-01-09 19:45:15.261945-04	Triple B	2
11457	698		07:00 PM	3	9	2024-01-09 21:51:18.794562-04	Triple A	2
11458	020		01:00 PM	3	9	2024-01-09 21:51:18.794562-04	Triple A	2
11459	608		04:30 PM	3	9	2024-01-09 21:51:18.794562-04	Triple A	2
11461	971		01:00 PM	3	9	2024-01-09 21:51:18.794562-04	Triple B	2
11462	922		04:30 PM	3	9	2024-01-09 21:51:18.794562-04	Triple B	2
11463	534		07:00 PM	3	9	2024-01-09 21:51:18.794562-04	Triple B	2
11492	058		07:10 PM	4	6	2024-01-09 21:51:27.861814-04	Triple A	2
11493	831		07:10 PM	4	6	2024-01-09 21:51:27.861814-04	Triple B	2
11494	814		04:30 PM	4	6	2024-01-09 21:51:27.861814-04	Triple A	2
11495	267		04:30 PM	4	6	2024-01-09 21:51:27.861814-04	Triple B	2
11496	249		01:00 PM	4	6	2024-01-09 21:51:27.861814-04	Triple A	2
11497	323		01:00 PM	4	6	2024-01-09 21:51:27.861814-04	Triple B	2
11504	321		07:00 PM	2	1	2024-01-09 21:51:28.731465-04	\N	2
11505	546		04:00 PM	2	1	2024-01-09 21:51:28.731465-04	\N	2
11506	716		12:00 PM	2	1	2024-01-09 21:51:28.731465-04	\N	2
9641	570		01:30 PM	15	15	2024-01-08 18:28:11.25776-04	Triple A	2
9642	059		01:30 PM	15	15	2024-01-08 18:28:11.25776-04	Triple B	2
9643	334		04:30 PM	15	15	2024-01-08 18:28:11.25776-04	Triple A	2
9644	512		04:30 PM	15	15	2024-01-08 18:28:11.25776-04	Triple B	2
8413	459		01:15 PM	19	19	2024-01-05 15:04:16.526609-04	\N	2
8414	818		01:15 PM	19	19	2024-01-05 15:04:16.526609-04	\N	2
9372	684		09:05 AM	12	12	2024-01-06 12:15:08.891389-04	\N	2
9373	557		10:05 AM	12	12	2024-01-06 12:15:08.891389-04	\N	2
9374	090		11:05 AM	12	12	2024-01-06 12:15:08.891389-04	\N	2
9375	927		12:05 PM	12	12	2024-01-06 12:15:08.891389-04	\N	2
9839	22 CAMELLO		06:00 PM	1	3	2024-01-08 19:10:12.524353-04	\N	1
9840	30 CAIMAN		07:00 PM	1	3	2024-01-08 19:10:12.524353-04	\N	1
9853	30 caiman		08:00 AM	10	10	2024-01-08 19:10:12.580978-04	\N	1
9854	2 Toro		09:00 AM	10	10	2024-01-08 19:10:12.580978-04	\N	1
9855	5 Leon		10:00 AM	10	10	2024-01-08 19:10:12.580978-04	\N	1
9856	36 Culebra		11:00 AM	10	10	2024-01-08 19:10:12.580978-04	\N	1
9857	10 Tigre		12:00 PM	10	10	2024-01-08 19:10:12.580978-04	\N	1
9858	31 Lapa		01:00 PM	10	10	2024-01-08 19:10:12.580978-04	\N	1
9859	18 Burro		02:00 PM	10	10	2024-01-08 19:10:12.580978-04	\N	1
9860	13 Mono		03:00 PM	10	10	2024-01-08 19:10:12.580978-04	\N	1
9861	33 Pescado		04:00 PM	10	10	2024-01-08 19:10:12.580978-04	\N	1
9862	00 Ballena		05:00 PM	10	10	2024-01-08 19:10:12.580978-04	\N	1
9863	21 Gallo		06:00 PM	10	10	2024-01-08 19:10:12.580978-04	\N	1
9864	10 Tigre		07:00 PM	10	10	2024-01-08 19:10:12.580978-04	\N	1
9865	734		09:05 AM	12	12	2024-01-08 19:10:12.683538-04	\N	2
9866	884		10:05 AM	12	12	2024-01-08 19:10:12.683538-04	\N	2
9867	209		11:05 AM	12	12	2024-01-08 19:10:12.683538-04	\N	2
9868	628		12:05 PM	12	12	2024-01-08 19:10:12.683538-04	\N	2
9869	749		01:05 PM	12	12	2024-01-08 19:10:12.683538-04	\N	2
9870	994		02:05 PM	12	12	2024-01-08 19:10:12.683538-04	\N	2
9871	269		03:05 PM	12	12	2024-01-08 19:10:12.683538-04	\N	2
9872	158		04:05 PM	12	12	2024-01-08 19:10:12.683538-04	\N	2
9873	019		05:05 PM	12	12	2024-01-08 19:10:12.683538-04	\N	2
9874	756		06:05 PM	12	12	2024-01-08 19:10:12.683538-04	\N	2
9875	758		07:05 PM	12	12	2024-01-08 19:10:12.683538-04	\N	2
9890	658		01:00 PM	3	9	2024-01-08 19:10:14.051832-04	Triple A	2
9891	604		04:30 PM	3	9	2024-01-08 19:10:14.051832-04	Triple A	2
9892	374		01:00 PM	3	9	2024-01-08 19:10:14.051832-04	Triple B	2
9893	864		04:30 PM	3	9	2024-01-08 19:10:14.051832-04	Triple B	2
9904	13 Mono		07:00 PM	16	16	2024-01-08 19:10:14.337951-04	\N	1
9905	06 Rana		06:00 PM	16	16	2024-01-08 19:10:14.337951-04	\N	1
9906	02 Toro		05:00 PM	16	16	2024-01-08 19:10:14.337951-04	\N	1
11460	44 Chiguire		08:00 AM	11	11	2024-01-09 21:51:18.795938-04	\N	5
11464	1 Carnero		09:00 AM	11	11	2024-01-09 21:51:18.795938-04	\N	5
11465	60 Camaleon		10:00 AM	11	11	2024-01-09 21:51:18.795938-04	\N	5
11466	2 Toro		11:00 AM	11	11	2024-01-09 21:51:18.795938-04	\N	5
11467	51 Pelicano		12:00 PM	11	11	2024-01-09 21:51:18.795938-04	\N	5
11468	20 Cochino		01:00 PM	11	11	2024-01-09 21:51:18.795938-04	\N	5
11469	42 Tucan		02:00 PM	11	11	2024-01-09 21:51:18.795938-04	\N	5
11470	63 Cangrejo		03:00 PM	11	11	2024-01-09 21:51:18.795938-04	\N	5
11471	37 Tortuga		04:00 PM	11	11	2024-01-09 21:51:18.795938-04	\N	5
11472	28 Zamuro		05:00 PM	11	11	2024-01-09 21:51:18.795938-04	\N	5
11473	57 Pato		06:00 PM	11	11	2024-01-09 21:51:18.795938-04	\N	5
11474	0 Delfin		07:00 PM	11	11	2024-01-09 21:51:18.795938-04	\N	5
11525	685		07:05 PM	24	24	2024-01-09 21:51:29.933061-04	\N	7
11526	286		04:45 PM	24	24	2024-01-09 21:51:29.933061-04	\N	7
11527	921		12:45 PM	24	24	2024-01-09 21:51:29.933061-04	\N	7
11553	617		01:30 PM	15	15	2024-01-09 21:51:32.409111-04	Triple A	2
11554	319		01:30 PM	15	15	2024-01-09 21:51:32.409111-04	Triple B	2
11555	823		04:30 PM	15	15	2024-01-09 21:51:32.409111-04	Triple A	2
11556	467		04:30 PM	15	15	2024-01-09 21:51:32.409111-04	Triple B	2
11557	043		08:30 PM	15	15	2024-01-09 21:51:32.409111-04	Triple A	2
11558	841		08:30 PM	15	15	2024-01-09 21:51:32.409111-04	Triple B	2
9659	206\nCAP		01:15 PM	20	20	2024-01-08 18:28:14.789033-04	\N	7
9660	281\nACU		04:45 PM	20	20	2024-01-08 18:28:14.789033-04	\N	7
9907	30 Caimán		04:00 PM	16	16	2024-01-08 19:10:14.337951-04	\N	1
9908	10 Tigre		03:00 PM	16	16	2024-01-08 19:10:14.337951-04	\N	1
9909	15 Zorro		02:00 PM	16	16	2024-01-08 19:10:14.337951-04	\N	1
9910	36 Culebra		01:00 PM	16	16	2024-01-08 19:10:14.337951-04	\N	1
9911	20 Cochino		12:00 PM	16	16	2024-01-08 19:10:14.337951-04	\N	1
9912	16 Oso		11:00 AM	16	16	2024-01-08 19:10:14.337951-04	\N	1
9913	24 Iguana		10:00 AM	16	16	2024-01-08 19:10:14.337951-04	\N	1
9914	32 Ardilla		09:00 AM	16	16	2024-01-08 19:10:14.337951-04	\N	1
9921	063 - GEM		07:00 PM	22	22	2024-01-08 19:10:15.936307-04	\N	7
9922	938 - ACU		04:00 PM	22	22	2024-01-08 19:10:15.936307-04	\N	7
9923	920 - ESC		12:00 PM	22	22	2024-01-08 19:10:15.936307-04	\N	7
9927	76		08:00 AM	8	7	2024-01-08 19:10:16.761721-04	\N	3
9928	81		09:00 AM	8	7	2024-01-08 19:10:16.761721-04	\N	3
9929	15		10:00 AM	8	7	2024-01-08 19:10:16.761721-04	\N	3
9930	84		11:00 AM	8	7	2024-01-08 19:10:16.761721-04	\N	3
9931	73		12:00 PM	8	7	2024-01-08 19:10:16.761721-04	\N	3
9932	28		01:00 PM	8	7	2024-01-08 19:10:16.761721-04	\N	3
9933	44		02:00 PM	8	7	2024-01-08 19:10:16.761721-04	\N	3
9934	69		03:00 PM	8	7	2024-01-08 19:10:16.761721-04	\N	3
9935	57		04:00 PM	8	7	2024-01-08 19:10:16.761721-04	\N	3
9936	90		05:00 PM	8	7	2024-01-08 19:10:16.761721-04	\N	3
9937	35		06:00 PM	8	7	2024-01-08 19:10:16.761721-04	\N	3
9945	280		01:00 PM	17	17	2024-01-08 19:10:17.952121-04	Triple A	2
9946	691		01:00 PM	17	17	2024-01-08 19:10:17.952121-04	Triple B	2
9947	741		04:30 PM	17	17	2024-01-08 19:10:17.952121-04	Triple A	2
9948	301		04:30 PM	17	17	2024-01-08 19:10:17.952121-04	Triple B	2
9949	340		07:00 PM	17	17	2024-01-08 19:10:17.952121-04	Triple A	2
9950	684		07:00 PM	17	17	2024-01-08 19:10:17.952121-04	Triple B	2
11127	44		08:05 AM	13	13	2024-01-09 19:20:06.326472-04	\N	3
11128	26		09:05 AM	13	13	2024-01-09 19:20:06.326472-04	\N	3
11129	41		10:05 AM	13	13	2024-01-09 19:20:06.326472-04	\N	3
11130	07		11:05 AM	13	13	2024-01-09 19:20:06.326472-04	\N	3
11131	91		12:05 PM	13	13	2024-01-09 19:20:06.326472-04	\N	3
11132	89		01:05 PM	13	13	2024-01-09 19:20:06.326472-04	\N	3
11133	92		02:05 PM	13	13	2024-01-09 19:20:06.326472-04	\N	3
11134	39		03:05 PM	13	13	2024-01-09 19:20:06.326472-04	\N	3
11135	49		04:05 PM	13	13	2024-01-09 19:20:06.326472-04	\N	3
11136	87		05:05 PM	13	13	2024-01-09 19:20:06.326472-04	\N	3
11137	97		06:05 PM	13	13	2024-01-09 19:20:06.326472-04	\N	3
11138	17		07:05 PM	13	13	2024-01-09 19:20:06.326472-04	\N	3
11139	7 PERICO		09:10 AM	14	14	2024-01-09 19:20:06.7332-04	\N	1
11140	0 DELFIN		10:10 AM	14	14	2024-01-09 19:20:06.7332-04	\N	1
11141	6 RANA		11:10 AM	14	14	2024-01-09 19:20:06.7332-04	\N	1
11142	16 OSO		12:10 PM	14	14	2024-01-09 19:20:06.7332-04	\N	1
11143	14 PALOMA		01:10 PM	14	14	2024-01-09 19:20:06.7332-04	\N	1
11144	6 RANA		02:10 PM	14	14	2024-01-09 19:20:06.7332-04	\N	1
11145	3 CIEMPIES		03:10 PM	14	14	2024-01-09 19:20:06.7332-04	\N	1
11146	25 GALLINA		04:10 PM	14	14	2024-01-09 19:20:06.7332-04	\N	1
11147	35 JIRAFA		05:10 PM	14	14	2024-01-09 19:20:06.7332-04	\N	1
9841	67		08:05 AM	13	13	2024-01-08 19:10:12.571045-04	\N	3
9842	83		09:05 AM	13	13	2024-01-08 19:10:12.571045-04	\N	3
9843	37		10:05 AM	13	13	2024-01-08 19:10:12.571045-04	\N	3
9844	71		11:05 AM	13	13	2024-01-08 19:10:12.571045-04	\N	3
9845	98		12:05 PM	13	13	2024-01-08 19:10:12.571045-04	\N	3
9846	05		01:05 PM	13	13	2024-01-08 19:10:12.571045-04	\N	3
9847	52		02:05 PM	13	13	2024-01-08 19:10:12.571045-04	\N	3
9848	32		03:05 PM	13	13	2024-01-08 19:10:12.571045-04	\N	3
9849	02		04:05 PM	13	13	2024-01-08 19:10:12.571045-04	\N	3
9850	74		05:05 PM	13	13	2024-01-08 19:10:12.571045-04	\N	3
9851	18		06:05 PM	13	13	2024-01-08 19:10:12.571045-04	\N	3
9852	54		07:05 PM	13	13	2024-01-08 19:10:12.571045-04	\N	3
9876	4 Alacran		08:00 AM	11	11	2024-01-08 19:10:12.721693-04	\N	5
9877	42 Tucan		09:00 AM	11	11	2024-01-08 19:10:12.721693-04	\N	5
9878	13 Mono		10:00 AM	11	11	2024-01-08 19:10:12.721693-04	\N	5
9879	31 Lapa		11:00 AM	11	11	2024-01-08 19:10:12.721693-04	\N	5
9880	41 Canguro		12:00 PM	11	11	2024-01-08 19:10:12.721693-04	\N	5
9881	71 Guacamaya		01:00 PM	11	11	2024-01-08 19:10:12.721693-04	\N	5
9882	26 Vaca		02:00 PM	11	11	2024-01-08 19:10:12.721693-04	\N	5
9883	75 Guacharo		03:00 PM	11	11	2024-01-08 19:10:12.721693-04	\N	5
9884	11 Gato		04:00 PM	11	11	2024-01-08 19:10:12.721693-04	\N	5
9885	43 Mariposa		05:00 PM	11	11	2024-01-08 19:10:12.721693-04	\N	5
9886	16 Oso		06:00 PM	11	11	2024-01-08 19:10:12.721693-04	\N	5
9887	34 Venado		07:00 PM	11	11	2024-01-08 19:10:12.721693-04	\N	5
9888	934 CAN		01:00 PM	18	18	2024-01-08 19:10:13.744389-04	\N	7
9889	528 LEO		04:30 PM	18	18	2024-01-08 19:10:13.744389-04	\N	7
9894	00 BALLENA		09:10 AM	14	14	2024-01-08 19:10:14.066632-04	\N	1
9895	5 LEON		10:10 AM	14	14	2024-01-08 19:10:14.066632-04	\N	1
9896	24 IGUANA		11:10 AM	14	14	2024-01-08 19:10:14.066632-04	\N	1
9897	1 CARNERO		12:10 PM	14	14	2024-01-08 19:10:14.066632-04	\N	1
9898	1 CARNERO		01:10 PM	14	14	2024-01-08 19:10:14.066632-04	\N	1
9899	19 CHIVO		02:10 PM	14	14	2024-01-08 19:10:14.066632-04	\N	1
9900	13 MONO		03:10 PM	14	14	2024-01-08 19:10:14.066632-04	\N	1
9901	3 CIEMPIES		04:10 PM	14	14	2024-01-08 19:10:14.066632-04	\N	1
9902	19 CHIVO		05:10 PM	14	14	2024-01-08 19:10:14.066632-04	\N	1
9903	11 GATO		06:10 PM	14	14	2024-01-08 19:10:14.066632-04	\N	1
9917	524		04:30 PM	4	6	2024-01-08 19:10:15.921899-04	Triple A	2
9918	702		04:30 PM	4	6	2024-01-08 19:10:15.921899-04	Triple B	2
9919	410		01:00 PM	4	6	2024-01-08 19:10:15.921899-04	Triple A	2
9920	211		01:00 PM	4	6	2024-01-08 19:10:15.921899-04	Triple B	2
9924	598		07:00 PM	2	1	2024-01-08 19:10:15.950939-04	\N	2
9925	276		04:00 PM	2	1	2024-01-08 19:10:15.950939-04	\N	2
9926	236		12:00 PM	2	1	2024-01-08 19:10:15.950939-04	\N	2
9941	450		04:45 PM	6	5	2024-01-08 19:10:17.184812-04	Triple A	2
9942	105		04:45 PM	6	5	2024-01-08 19:10:17.184812-04	Triple B	2
9943	246		12:45 PM	6	5	2024-01-08 19:10:17.184812-04	Triple A	2
9944	916		12:45 PM	6	5	2024-01-08 19:10:17.184812-04	Triple B	2
11148	2 TORO		06:10 PM	14	14	2024-01-09 19:20:06.7332-04	\N	1
11149	21 GALLO		07:10 PM	14	14	2024-01-09 19:20:06.7332-04	\N	1
11150	469 - CAP		07:00 PM	22	22	2024-01-09 19:20:08.184699-04	\N	7
11151	753 - ESC		04:00 PM	22	22	2024-01-09 19:20:08.184699-04	\N	7
11152	551 - LEO		12:00 PM	22	22	2024-01-09 19:20:08.184699-04	\N	7
11153	321		07:00 PM	2	1	2024-01-09 19:20:08.876573-04	\N	2
11154	546		04:00 PM	2	1	2024-01-09 19:20:08.876573-04	\N	2
11155	716		12:00 PM	2	1	2024-01-09 19:20:08.876573-04	\N	2
10664	725\nCAN		01:15 PM	20	20	2024-01-09 18:15:16.581162-04	\N	7
10665	987\nACU		04:45 PM	20	20	2024-01-09 18:15:16.581162-04	\N	7
9655	540		01:15 PM	19	19	2024-01-08 18:28:14.400829-04	\N	2
9656	371		01:15 PM	19	19	2024-01-08 18:28:14.400829-04	\N	2
9657	948		04:45 PM	19	19	2024-01-08 18:28:14.400829-04	\N	2
9658	422		04:45 PM	19	19	2024-01-08 18:28:14.400829-04	\N	2
10660	617		01:30 PM	15	15	2024-01-09 18:15:13.920556-04	Triple A	2
10661	319		01:30 PM	15	15	2024-01-09 18:15:13.920556-04	Triple B	2
10662	823		04:30 PM	15	15	2024-01-09 18:15:13.920556-04	Triple A	2
10663	467		04:30 PM	15	15	2024-01-09 18:15:13.920556-04	Triple B	2
11349	34 Venado		07:30 PM	5	4	2024-01-09 19:55:14.494147-04	\N	1
11350	06 Rana		06:30 PM	5	4	2024-01-09 19:55:14.494147-04	\N	1
9683	73		09:15 AM	9	8	2024-01-08 18:30:09.947538-04	\N	3
9684	05		10:15 AM	9	8	2024-01-08 18:30:09.947538-04	\N	3
9685	16		11:15 AM	9	8	2024-01-08 18:30:09.947538-04	\N	3
9686	56		12:15 PM	9	8	2024-01-08 18:30:09.947538-04	\N	3
9687	85		01:15 PM	9	8	2024-01-08 18:30:09.947538-04	\N	3
9688	34		02:15 PM	9	8	2024-01-08 18:30:09.947538-04	\N	3
9689	11		03:15 PM	9	8	2024-01-08 18:30:09.947538-04	\N	3
9690	67		04:15 PM	9	8	2024-01-08 18:30:09.947538-04	\N	3
9691	54		05:15 PM	9	8	2024-01-08 18:30:09.947538-04	\N	3
9692	41		06:15 PM	9	8	2024-01-08 18:30:09.947538-04	\N	3
11351	13 Mono		05:30 PM	5	4	2024-01-09 19:55:14.494147-04	\N	1
11352	05 León		04:30 PM	5	4	2024-01-09 19:55:14.494147-04	\N	1
11353	18 Burro		03:30 PM	5	4	2024-01-09 19:55:14.494147-04	\N	1
11354	07 Perico		02:30 PM	5	4	2024-01-09 19:55:14.494147-04	\N	1
11355	36 Culebra		01:30 PM	5	4	2024-01-09 19:55:14.494147-04	\N	1
11356	04 Alacrán		12:30 PM	5	4	2024-01-09 19:55:14.494147-04	\N	1
11357	21 Gallo		11:30 AM	5	4	2024-01-09 19:55:14.494147-04	\N	1
11358	31 Lapa		10:30 AM	5	4	2024-01-09 19:55:14.494147-04	\N	1
11359	33 Pescado		09:30 AM	5	4	2024-01-09 19:55:14.494147-04	\N	1
11475	23 Cebra		07:00 PM	16	16	2024-01-09 21:51:18.805609-04	\N	1
9915	105		04:45 PM	24	24	2024-01-08 19:10:15.559074-04	\N	7
9916	916		12:45 PM	24	24	2024-01-08 19:10:15.559074-04	\N	7
9938	478 ACUARIO		01:00 PM	21	21	2024-01-08 19:10:16.809982-04	\N	7
9939	176 SAGITARIO		04:30 PM	21	21	2024-01-08 19:10:16.809982-04	\N	7
9940	793 TAURO		07:00 PM	21	21	2024-01-08 19:10:16.809982-04	\N	7
11476	35 Jirafa		06:00 PM	16	16	2024-01-09 21:51:18.805609-04	\N	1
11477	07 Perico		05:00 PM	16	16	2024-01-09 21:51:18.805609-04	\N	1
11478	26 Vaca		04:00 PM	16	16	2024-01-09 21:51:18.805609-04	\N	1
11479	12 Caballo		03:00 PM	16	16	2024-01-09 21:51:18.805609-04	\N	1
11480	19 Chivo		02:00 PM	16	16	2024-01-09 21:51:18.805609-04	\N	1
11481	04 Alacrán		01:00 PM	16	16	2024-01-09 21:51:18.805609-04	\N	1
11482	11 Gato		12:00 PM	16	16	2024-01-09 21:51:18.805609-04	\N	1
11483	02 Toro		11:00 AM	16	16	2024-01-09 21:51:18.805609-04	\N	1
11484	29 Elefante		10:00 AM	16	16	2024-01-09 21:51:18.805609-04	\N	1
11485	15 Zorro		09:00 AM	16	16	2024-01-09 21:51:18.805609-04	\N	1
11531	83		09:15 AM	9	8	2024-01-09 21:51:30.821605-04	\N	3
11532	76		10:15 AM	9	8	2024-01-09 21:51:30.821605-04	\N	3
11533	10		11:15 AM	9	8	2024-01-09 21:51:30.821605-04	\N	3
11534	38		12:15 PM	9	8	2024-01-09 21:51:30.821605-04	\N	3
11535	96		01:15 PM	9	8	2024-01-09 21:51:30.821605-04	\N	3
11536	18		02:15 PM	9	8	2024-01-09 21:51:30.821605-04	\N	3
11537	02		03:15 PM	9	8	2024-01-09 21:51:30.821605-04	\N	3
11538	46		04:15 PM	9	8	2024-01-09 21:51:30.821605-04	\N	3
11539	13		05:15 PM	9	8	2024-01-09 21:51:30.821605-04	\N	3
11540	59		06:15 PM	9	8	2024-01-09 21:51:30.821605-04	\N	3
11541	42		07:15 PM	9	8	2024-01-09 21:51:30.821605-04	\N	3
11369	073		07:05 PM	6	5	2024-01-09 19:59:14.192898-04	Triple A	2
11370	685		07:05 PM	6	5	2024-01-09 19:59:14.192898-04	Triple B	2
11371	511		04:45 PM	6	5	2024-01-09 19:59:14.192898-04	Triple A	2
11372	286		04:45 PM	6	5	2024-01-09 19:59:14.192898-04	Triple B	2
11373	403		12:45 PM	6	5	2024-01-09 19:59:14.192898-04	Triple A	2
11374	921		12:45 PM	6	5	2024-01-09 19:59:14.192898-04	Triple B	2
11375	685		07:05 PM	24	24	2024-01-09 19:59:15.980896-04	\N	7
11376	286		04:45 PM	24	24	2024-01-09 19:59:15.980896-04	\N	7
11377	921		12:45 PM	24	24	2024-01-09 19:59:15.980896-04	\N	7
11498	540		01:00 PM	17	17	2024-01-09 21:51:28.592933-04	Triple A	2
11499	471		01:00 PM	17	17	2024-01-09 21:51:28.592933-04	Triple B	2
11500	483		04:30 PM	17	17	2024-01-09 21:51:28.592933-04	Triple A	2
11501	712		04:30 PM	17	17	2024-01-09 21:51:28.592933-04	Triple B	2
11502	619		07:00 PM	17	17	2024-01-09 21:51:28.592933-04	Triple A	2
11503	492		07:00 PM	17	17	2024-01-09 21:51:28.592933-04	Triple B	2
11528	084 ESCORPIO		01:00 PM	21	21	2024-01-09 21:51:30.040947-04	\N	7
11529	674 LIBRA		04:30 PM	21	21	2024-01-09 21:51:30.040947-04	\N	7
11530	342 PISCIS		07:00 PM	21	21	2024-01-09 21:51:30.040947-04	\N	7
11542	34 Venado		07:30 PM	5	4	2024-01-09 21:51:32.289997-04	\N	1
11543	06 Rana		06:30 PM	5	4	2024-01-09 21:51:32.289997-04	\N	1
11544	13 Mono		05:30 PM	5	4	2024-01-09 21:51:32.289997-04	\N	1
11545	05 León		04:30 PM	5	4	2024-01-09 21:51:32.289997-04	\N	1
11546	18 Burro		03:30 PM	5	4	2024-01-09 21:51:32.289997-04	\N	1
11547	07 Perico		02:30 PM	5	4	2024-01-09 21:51:32.289997-04	\N	1
11548	36 Culebra		01:30 PM	5	4	2024-01-09 21:51:32.289997-04	\N	1
11549	04 Alacrán		12:30 PM	5	4	2024-01-09 21:51:32.289997-04	\N	1
11550	21 Gallo		11:30 AM	5	4	2024-01-09 21:51:32.289997-04	\N	1
11551	31 Lapa		10:30 AM	5	4	2024-01-09 21:51:32.289997-04	\N	1
11552	33 Pescado		09:30 AM	5	4	2024-01-09 21:51:32.289997-04	\N	1
11203	23 Cebra		07:00 PM	16	16	2024-01-09 19:30:06.696384-04	\N	1
11204	35 Jirafa		06:00 PM	16	16	2024-01-09 19:30:06.696384-04	\N	1
11205	07 Perico		05:00 PM	16	16	2024-01-09 19:30:06.696384-04	\N	1
11206	26 Vaca		04:00 PM	16	16	2024-01-09 19:30:06.696384-04	\N	1
11207	12 Caballo		03:00 PM	16	16	2024-01-09 19:30:06.696384-04	\N	1
11208	19 Chivo		02:00 PM	16	16	2024-01-09 19:30:06.696384-04	\N	1
11209	04 Alacrán		01:00 PM	16	16	2024-01-09 19:30:06.696384-04	\N	1
11210	11 Gato		12:00 PM	16	16	2024-01-09 19:30:06.696384-04	\N	1
11211	02 Toro		11:00 AM	16	16	2024-01-09 19:30:06.696384-04	\N	1
11212	29 Elefante		10:00 AM	16	16	2024-01-09 19:30:06.696384-04	\N	1
11213	15 Zorro		09:00 AM	16	16	2024-01-09 19:30:06.696384-04	\N	1
11214	83		09:15 AM	9	8	2024-01-09 19:30:08.589298-04	\N	3
11215	76		10:15 AM	9	8	2024-01-09 19:30:08.589298-04	\N	3
11216	10		11:15 AM	9	8	2024-01-09 19:30:08.589298-04	\N	3
11217	38		12:15 PM	9	8	2024-01-09 19:30:08.589298-04	\N	3
11218	96		01:15 PM	9	8	2024-01-09 19:30:08.589298-04	\N	3
11219	18		02:15 PM	9	8	2024-01-09 19:30:08.589298-04	\N	3
11220	02		03:15 PM	9	8	2024-01-09 19:30:08.589298-04	\N	3
11221	46		04:15 PM	9	8	2024-01-09 19:30:08.589298-04	\N	3
11222	13		05:15 PM	9	8	2024-01-09 19:30:08.589298-04	\N	3
11223	59		06:15 PM	9	8	2024-01-09 19:30:08.589298-04	\N	3
11224	42		07:15 PM	9	8	2024-01-09 19:30:08.589298-04	\N	3
11225	42		08:00 AM	8	7	2024-01-09 19:30:08.608862-04	\N	3
11226	43		09:00 AM	8	7	2024-01-09 19:30:08.608862-04	\N	3
11227	06		10:00 AM	8	7	2024-01-09 19:30:08.608862-04	\N	3
11228	59		11:00 AM	8	7	2024-01-09 19:30:08.608862-04	\N	3
11229	25		12:00 PM	8	7	2024-01-09 19:30:08.608862-04	\N	3
11230	65		01:00 PM	8	7	2024-01-09 19:30:08.608862-04	\N	3
11231	09		02:00 PM	8	7	2024-01-09 19:30:08.608862-04	\N	3
11232	29		03:00 PM	8	7	2024-01-09 19:30:08.608862-04	\N	3
11233	72		04:00 PM	8	7	2024-01-09 19:30:08.608862-04	\N	3
11234	39		05:00 PM	8	7	2024-01-09 19:30:08.608862-04	\N	3
11235	03		06:00 PM	8	7	2024-01-09 19:30:08.608862-04	\N	3
11236	86		07:00 PM	8	7	2024-01-09 19:30:08.608862-04	\N	3
11396	44		08:05 AM	13	13	2024-01-09 21:51:18.322212-04	\N	3
11399	26		09:05 AM	13	13	2024-01-09 21:51:18.322212-04	\N	3
11400	41		10:05 AM	13	13	2024-01-09 21:51:18.322212-04	\N	3
11401	07		11:05 AM	13	13	2024-01-09 21:51:18.322212-04	\N	3
11403	91		12:05 PM	13	13	2024-01-09 21:51:18.322212-04	\N	3
11405	89		01:05 PM	13	13	2024-01-09 21:51:18.322212-04	\N	3
11407	92		02:05 PM	13	13	2024-01-09 21:51:18.322212-04	\N	3
11410	39		03:05 PM	13	13	2024-01-09 21:51:18.322212-04	\N	3
11411	49		04:05 PM	13	13	2024-01-09 21:51:18.322212-04	\N	3
11413	87		05:05 PM	13	13	2024-01-09 21:51:18.322212-04	\N	3
11414	97		06:05 PM	13	13	2024-01-09 21:51:18.322212-04	\N	3
11416	17		07:05 PM	13	13	2024-01-09 21:51:18.322212-04	\N	3
11435	7 PERICO		09:10 AM	14	14	2024-01-09 21:51:18.648724-04	\N	1
11436	0 DELFIN		10:10 AM	14	14	2024-01-09 21:51:18.648724-04	\N	1
11437	6 RANA		11:10 AM	14	14	2024-01-09 21:51:18.648724-04	\N	1
11438	16 OSO		12:10 PM	14	14	2024-01-09 21:51:18.648724-04	\N	1
11439	14 PALOMA		01:10 PM	14	14	2024-01-09 21:51:18.648724-04	\N	1
11440	6 RANA		02:10 PM	14	14	2024-01-09 21:51:18.648724-04	\N	1
11441	3 CIEMPIES		03:10 PM	14	14	2024-01-09 21:51:18.648724-04	\N	1
11442	25 GALLINA		04:10 PM	14	14	2024-01-09 21:51:18.648724-04	\N	1
11443	35 JIRAFA		05:10 PM	14	14	2024-01-09 21:51:18.648724-04	\N	1
11444	2 TORO		06:10 PM	14	14	2024-01-09 21:51:18.648724-04	\N	1
11445	21 GALLO		07:10 PM	14	14	2024-01-09 21:51:18.648724-04	\N	1
11487	469 - CAP		07:00 PM	22	22	2024-01-09 21:51:27.855631-04	\N	7
11489	753 - ESC		04:00 PM	22	22	2024-01-09 21:51:27.855631-04	\N	7
11491	551 - LEO		12:00 PM	22	22	2024-01-09 21:51:27.855631-04	\N	7
11397	00 Ballena		08:00 AM	10	10	2024-01-09 21:51:18.322214-04	\N	1
11402	34 Venado		09:00 AM	10	10	2024-01-09 21:51:18.322214-04	\N	1
11408	35 Jirafa		10:00 AM	10	10	2024-01-09 21:51:18.322214-04	\N	1
11418	27 Perro		11:00 AM	10	10	2024-01-09 21:51:18.322214-04	\N	1
11422	25 Gallina		12:00 PM	10	10	2024-01-09 21:51:18.322214-04	\N	1
11425	16 Oso		01:00 PM	10	10	2024-01-09 21:51:18.322214-04	\N	1
11426	19 Chivo		02:00 PM	10	10	2024-01-09 21:51:18.322214-04	\N	1
11427	36 Culebra		03:00 PM	10	10	2024-01-09 21:51:18.322214-04	\N	1
11428	29 Elefante		04:00 PM	10	10	2024-01-09 21:51:18.322214-04	\N	1
11429	20 Cochino		05:00 PM	10	10	2024-01-09 21:51:18.322214-04	\N	1
11430	24 Iguana		06:00 PM	10	10	2024-01-09 21:51:18.322214-04	\N	1
11431	36 Culebra		07:00 PM	10	10	2024-01-09 21:51:18.322214-04	\N	1
11446	607		09:05 AM	12	12	2024-01-09 21:51:18.689362-04	\N	2
11447	365		10:05 AM	12	12	2024-01-09 21:51:18.689362-04	\N	2
11448	490		11:05 AM	12	12	2024-01-09 21:51:18.689362-04	\N	2
11449	284		12:05 PM	12	12	2024-01-09 21:51:18.689362-04	\N	2
11450	680		01:05 PM	12	12	2024-01-09 21:51:18.689362-04	\N	2
11451	770		02:05 PM	12	12	2024-01-09 21:51:18.689362-04	\N	2
11452	537		03:05 PM	12	12	2024-01-09 21:51:18.689362-04	\N	2
11453	393		04:05 PM	12	12	2024-01-09 21:51:18.689362-04	\N	2
11454	007		05:05 PM	12	12	2024-01-09 21:51:18.689362-04	\N	2
11455	283		06:05 PM	12	12	2024-01-09 21:51:18.689362-04	\N	2
11456	565		07:05 PM	12	12	2024-01-09 21:51:18.689362-04	\N	2
11513	42		08:00 AM	8	7	2024-01-09 21:51:29.744515-04	\N	3
11514	43		09:00 AM	8	7	2024-01-09 21:51:29.744515-04	\N	3
11515	06		10:00 AM	8	7	2024-01-09 21:51:29.744515-04	\N	3
11516	59		11:00 AM	8	7	2024-01-09 21:51:29.744515-04	\N	3
11517	25		12:00 PM	8	7	2024-01-09 21:51:29.744515-04	\N	3
11518	65		01:00 PM	8	7	2024-01-09 21:51:29.744515-04	\N	3
11519	09		02:00 PM	8	7	2024-01-09 21:51:29.744515-04	\N	3
11520	29		03:00 PM	8	7	2024-01-09 21:51:29.744515-04	\N	3
11521	72		04:00 PM	8	7	2024-01-09 21:51:29.744515-04	\N	3
11522	39		05:00 PM	8	7	2024-01-09 21:51:29.744515-04	\N	3
11523	03		06:00 PM	8	7	2024-01-09 21:51:29.744515-04	\N	3
11524	86		07:00 PM	8	7	2024-01-09 21:51:29.744515-04	\N	3
11398	8 RATON		08:00 AM	1	3	2024-01-09 21:51:18.322212-04	\N	1
11404	19 CHIVO		09:00 AM	1	3	2024-01-09 21:51:18.322212-04	\N	1
11406	00 BALLENA		10:00 AM	1	3	2024-01-09 21:51:18.322212-04	\N	1
11409	35 JIRAFA		11:00 AM	1	3	2024-01-09 21:51:18.322212-04	\N	1
11412	13 MONO		12:00 PM	1	3	2024-01-09 21:51:18.322212-04	\N	1
11415	33 PESCADO		01:00 PM	1	3	2024-01-09 21:51:18.322212-04	\N	1
11417	27 PERRO		02:00 PM	1	3	2024-01-09 21:51:18.322212-04	\N	1
11419	21 GALLO		03:00 PM	1	3	2024-01-09 21:51:18.322212-04	\N	1
11420	2 TORO		04:00 PM	1	3	2024-01-09 21:51:18.322212-04	\N	1
11421	7 PERICO		05:00 PM	1	3	2024-01-09 21:51:18.322212-04	\N	1
11423	16 OSO		06:00 PM	1	3	2024-01-09 21:51:18.322212-04	\N	1
11424	3 CIEMPIES		07:00 PM	1	3	2024-01-09 21:51:18.322212-04	\N	1
11432	399 TAU		01:00 PM	18	18	2024-01-09 21:51:18.647341-04	\N	7
11433	506 ARI		04:30 PM	18	18	2024-01-09 21:51:18.647341-04	\N	7
11434	525 LEO		07:00 PM	18	18	2024-01-09 21:51:18.647341-04	\N	7
11486	048 PIS		07:10 PM	23	23	2024-01-09 21:51:27.855631-04	\N	7
11488	140 CAP		04:30 PM	23	23	2024-01-09 21:51:27.855631-04	\N	7
11490	368 ACU		01:00 PM	23	23	2024-01-09 21:51:27.855631-04	\N	7
11507	073		07:05 PM	6	5	2024-01-09 21:51:28.738908-04	Triple A	2
11508	685		07:05 PM	6	5	2024-01-09 21:51:28.738908-04	Triple B	2
11509	511		04:45 PM	6	5	2024-01-09 21:51:28.738908-04	Triple A	2
11510	286		04:45 PM	6	5	2024-01-09 21:51:28.738908-04	Triple B	2
11511	403		12:45 PM	6	5	2024-01-09 21:51:28.738908-04	Triple A	2
11512	921		12:45 PM	6	5	2024-01-09 21:51:28.738908-04	Triple B	2
\.


--
-- Name: product_id_seq; Type: SEQUENCE SET; Schema: public; Owner: elder123
--

SELECT pg_catalog.setval('public.product_id_seq', 26, true);


--
-- Name: product_type_id_seq; Type: SEQUENCE SET; Schema: public; Owner: elder123
--

SELECT pg_catalog.setval('public.product_type_id_seq', 7, true);


--
-- Name: providers_id_seq; Type: SEQUENCE SET; Schema: public; Owner: elder123
--

SELECT pg_catalog.setval('public.providers_id_seq', 24, true);


--
-- Name: providers_products_id_seq; Type: SEQUENCE SET; Schema: public; Owner: elder123
--

SELECT pg_catalog.setval('public.providers_products_id_seq', 24, true);


--
-- Name: results_id_seq; Type: SEQUENCE SET; Schema: public; Owner: elder123
--

SELECT pg_catalog.setval('public.results_id_seq', 11558, true);


--
-- Name: products product_pk; Type: CONSTRAINT; Schema: public; Owner: elder123
--

ALTER TABLE ONLY public.products
    ADD CONSTRAINT product_pk PRIMARY KEY (id);


--
-- Name: product_type product_type_pk; Type: CONSTRAINT; Schema: public; Owner: elder123
--

ALTER TABLE ONLY public.product_type
    ADD CONSTRAINT product_type_pk PRIMARY KEY (id);


--
-- Name: providers providers_pk; Type: CONSTRAINT; Schema: public; Owner: elder123
--

ALTER TABLE ONLY public.providers
    ADD CONSTRAINT providers_pk PRIMARY KEY (id);


--
-- Name: provider_product providers_products_pk; Type: CONSTRAINT; Schema: public; Owner: elder123
--

ALTER TABLE ONLY public.provider_product
    ADD CONSTRAINT providers_products_pk PRIMARY KEY (id);


--
-- Name: results results_pk; Type: CONSTRAINT; Schema: public; Owner: elder123
--

ALTER TABLE ONLY public.results
    ADD CONSTRAINT results_pk PRIMARY KEY (id);


--
-- Name: provider_product provider_product_fk; Type: FK CONSTRAINT; Schema: public; Owner: elder123
--

ALTER TABLE ONLY public.provider_product
    ADD CONSTRAINT provider_product_fk FOREIGN KEY (provider_id) REFERENCES public.providers(id) ON UPDATE CASCADE ON DELETE CASCADE;


--
-- Name: provider_product provider_product_fk_1; Type: FK CONSTRAINT; Schema: public; Owner: elder123
--

ALTER TABLE ONLY public.provider_product
    ADD CONSTRAINT provider_product_fk_1 FOREIGN KEY (product_id) REFERENCES public.products(id) ON UPDATE CASCADE ON DELETE CASCADE;


--
-- Name: results results_fk; Type: FK CONSTRAINT; Schema: public; Owner: elder123
--

ALTER TABLE ONLY public.results
    ADD CONSTRAINT results_fk FOREIGN KEY (product_id) REFERENCES public.products(id) ON UPDATE CASCADE ON DELETE CASCADE;


--
-- Name: results results_fk_1; Type: FK CONSTRAINT; Schema: public; Owner: elder123
--

ALTER TABLE ONLY public.results
    ADD CONSTRAINT results_fk_1 FOREIGN KEY (provider_id) REFERENCES public.providers(id) ON UPDATE CASCADE ON DELETE CASCADE;


--
-- Name: results results_fk_2; Type: FK CONSTRAINT; Schema: public; Owner: elder123
--

ALTER TABLE ONLY public.results
    ADD CONSTRAINT results_fk_2 FOREIGN KEY (product_type_id) REFERENCES public.product_type(id) ON UPDATE CASCADE ON DELETE CASCADE;


--
-- PostgreSQL database dump complete
--

